npseudo,min_partner,min_state,min_country,lambda,spearman_mean,kendall_mean,top1_mean,top3_mean,ndcg_mean
2,1,1,3,10,0.40205738342993247,0.2906256295145184,0.14814814814814814,0.9259259259259259,0.7158042381882364
1,1,1,3,10,0.400379975870172,0.28855362744251634,0.14814814814814814,0.8888888888888888,0.7149385841797781
2,1,3,2,10,0.39493502140560965,0.28823994935106045,0.18518518518518517,0.9629629629629629,0.7249529798646152
2,1,1,1,10,0.3876336807709357,0.2845045900601456,0.14814814814814814,0.8888888888888888,0.7146788146995547
2,2,1,3,10,0.39228306189090506,0.28387579498690607,0.14814814814814814,0.8888888888888888,0.7092812832405951
1,1,1,2,10,0.38989046538066147,0.28358082246971134,0.18518518518518517,0.9259259259259259,0.7204866676676076
1,1,3,5,10,0.392621430856725,0.2833232611010389,0.18518518518518517,0.9259259259259259,0.7241776224388341
2,1,1,5,10,0.39187606148390464,0.2829549051771274,0.14814814814814814,0.8888888888888888,0.7134957657238417
2,5,1,3,10,0.3908136888529046,0.2828944717833607,0.14814814814814814,0.8888888888888888,0.7098714799468724
1,2,1,3,10,0.39326566679507857,0.28267288267288265,0.14814814814814814,0.8888888888888888,0.713018673813336
2,1,3,1,10,0.3903667501706718,0.2825476992143659,0.18518518518518517,0.9259259259259259,0.7208291004966793
2,2,3,2,10,0.3865434130140013,0.2825476992143659,0.18518518518518517,0.9629629629629629,0.7224811042057727
0.5,1,1,2,10,0.38777036326055936,0.28245848801404355,0.18518518518518517,0.9259259259259259,0.7214286822866767
2,1,3,3,10,0.3944045061692121,0.28230884341995455,0.18518518518518517,0.9629629629629629,0.7229420186956378
1,1,5,3,10,0.38129024207455586,0.28184839851506516,0.14814814814814814,0.8888888888888888,0.7161904614777019
1,1,1,5,10,0.3923755619834052,0.2818325707214596,0.14814814814814814,0.8888888888888888,0.7136924443369312
2,5,1,2,10,0.3840161291141684,0.28143543699099255,0.14814814814814814,0.8888888888888888,0.7118855702233867
1,1,1,1,10,0.38624596173615783,0.28099081987970875,0.18518518518518517,0.8888888888888888,0.716979613508542
2,3,3,2,10,0.3875433571512003,0.2808368586146364,0.18518518518518517,0.9629629629629629,0.7244602846403814
2,2,3,3,10,0.387623632721672,0.28050735272957494,0.18518518518518517,0.9259259259259259,0.722091853974054
1,3,1,1,1,0.37869824438451893,0.28046850269072493,0.2222222222222222,0.8518518518518519,0.7255205483136661
2,5,1,1,10,0.3829000338804261,0.2803001525223747,0.14814814814814814,0.8888888888888888,0.7137416664588669
2,3,1,3,10,0.39289240171593115,0.2802066246510691,0.14814814814814814,0.8888888888888888,0.7096042056687112
1,2,1,1,10,0.38448229330582273,0.2801907968574635,0.18518518518518517,0.8888888888888888,0.7166846321096716
2,1,1,2,10,0.38377943770100637,0.2801778468445135,0.14814814814814814,0.9259259259259259,0.7142269138345868
2,5,3,2,10,0.37067678146109523,0.28011165788943565,0.14814814814814814,0.9259259259259259,0.716261328341084
2,1,3,5,10,0.3905947356927749,0.2799835966502633,0.18518518518518517,0.9629629629629629,0.7214947423668195
2,2,1,1,10,0.3810328741701291,0.27993467437911884,0.14814814814814814,0.8888888888888888,0.7120293988341244
2,3,1,1,1,0.3778234111567445,0.27985697430141876,0.2222222222222222,0.8518518518518519,0.7282208656434518
2,3,1,1,10,0.3839819222172164,0.27985265763043543,0.14814814814814814,0.8888888888888888,0.711545110344526
1,2,1,2,10,0.38572179454532396,0.27975912975912975,0.18518518518518517,0.9259259259259259,0.7194708562391121
2,5,5,2,10,0.36869289026151775,0.2795821462488129,0.2222222222222222,0.8888888888888888,0.7310517973934061
1,3,3,1,10,0.38374835041501715,0.27908860686638465,0.18518518518518517,0.8888888888888888,0.7208059728410016
2,3,1,2,10,0.3838006220359162,0.27902385680163455,0.14814814814814814,0.9259259259259259,0.7139281558564194
1,3,1,1,10,0.38448359918948155,0.27896774007885117,0.18518518518518517,0.8888888888888888,0.7159320528486431
1,1,3,3,10,0.3882332264685206,0.2783849894961006,0.18518518518518517,0.9259259259259259,0.723758207460338
0.5,1,5,3,10,0.37990680343621525,0.2783835506057728,0.14814814814814814,0.8888888888888888,0.7185492255405184
1,1,5,5,10,0.3762117693490243,0.2783547727992172,0.14814814814814814,0.9259259259259259,0.7135981988347732
2,5,3,1,10,0.3695865137041608,0.2782180782180782,0.14814814814814814,0.9259259259259259,0.7161978873898502
1,2,3,1,10,0.37966013652288166,0.2780252669141558,0.18518518518518517,0.8888888888888888,0.7209393466557695
2,2,3,1,10,0.38234514214906373,0.2779777835333391,0.18518518518518517,0.9259259259259259,0.7191580643143675
2,1,1,5,1,0.3815421325225247,0.27793317793317796,0.18518518518518517,0.8518518518518519,0.7292559365829462
2,1,5,5,10,0.3715232117192902,0.2779101556879335,0.14814814814814814,0.9629629629629629,0.7174794926400717
1,5,3,2,10,0.3745084617633638,0.2778252611585945,0.14814814814814814,0.8888888888888888,0.7116781442369878
0.5,3,1,1,1,0.3762747419610165,0.27744683300238854,0.18518518518518517,0.8518518518518519,0.7211458317901727
1,3,1,3,10,0.39003316944493416,0.27735762180206625,0.14814814814814814,0.8888888888888888,0.7068510315158949
1,5,1,2,10,0.3858216220961319,0.277235316124205,0.14814814814814814,0.8888888888888888,0.7069040950088933
2,5,1,5,10,0.38404311737645075,0.277235316124205,0.14814814814814814,0.8888888888888888,0.7095502019674561
1,2,1,5,10,0.3861533890945656,0.2772338772338772,0.14814814814814814,0.8888888888888888,0.7119244643648179
1,5,3,1,10,0.3719779857034759,0.2771475438142105,0.14814814814814814,0.8888888888888888,0.7124528278342185
0.5,1,5,5,10,0.3795686158431257,0.27712020489798267,0.14814814814814814,0.8888888888888888,0.7180341246399894
0.5,1,1,1,10,0.38055775016559334,0.27706696595585484,0.18518518518518517,0.8888888888888888,0.717533996423406
1,3,5,5,10,0.3761649751845831,0.2769201991424214,0.18518518518518517,0.9259259259259259,0.724642402653709
2,2,3,5,10,0.38244486087623347,0.2768871046648824,0.18518518518518517,0.8888888888888888,0.7205567748375579
1,2,3,2,10,0.3794896098817668,0.27680364902587123,0.18518518518518517,0.9259259259259259,0.7236359758842469
2,3,5,2,1,0.37733729596474697,0.2766885377996489,0.2222222222222222,0.8888888888888888,0.7432303578651127
1,2,3,5,10,0.38439015595878345,0.2766352988575211,0.18518518518518517,0.9259259259259259,0.7240572602824621
1,1,5,2,10,0.3740157083294338,0.27662090995424327,0.14814814814814814,0.9259259259259259,0.720259041665322
2,2,1,5,10,0.3826260522338954,0.2765374543152321,0.14814814814814814,0.8518518518518519,0.7071963103258971
2,2,1,2,10,0.37832316557806756,0.2765288209732654,0.14814814814814814,0.9259259259259259,0.7112045757891924
1,2,3,3,10,0.3853521569207844,0.27646263201818755,0.18518518518518517,0.9259259259259259,0.7238649167921167
2,1,5,3,10,0.3714205910284342,0.2763432041209819,0.14814814814814814,0.9629629629629629,0.717059438887025
1,1,3,1,10,0.377620201149613,0.27613168724279835,0.18518518518518517,0.8888888888888888,0.7237193904188989
2,5,5,5,10,0.36662850584419215,0.2760726927393594,0.14814814814814814,0.9259259259259259,0.7190101251257439
1,5,1,1,10,0.38284311911762897,0.2759403148292037,0.14814814814814814,0.8888888888888888,0.707268845495297
1,5,1,3,10,0.38757955914818665,0.275892831448387,0.14814814814814814,0.8888888888888888,0.7053910460957823
0.5,3,5,3,10,0.3772126928989674,0.2757662090995424,0.18518518518518517,0.8888888888888888,0.7265367523760456
2,3,1,5,10,0.3861357596651715,0.2755575700020144,0.14814814814814814,0.8888888888888888,0.707852529720527
2,3,3,3,10,0.38576964067160147,0.275475553253331,0.18518518518518517,0.9259259259259259,0.7183134463624514
1,3,3,2,10,0.38117158803433315,0.2752712308267864,0.18518518518518517,0.9259259259259259,0.7236933938389842
1,3,3,5,10,0.3846731336927416,0.27500935278713057,0.18518518518518517,0.9259259259259259,0.7162536219978102
2,3,5,5,10,0.36816774365793975,0.27495611384500274,0.18518518518518517,0.9259259259259259,0.7263332750405003
2,5,3,3,10,0.37373940511195414,0.2749100693545138,0.14814814814814814,0.9259259259259259,0.7117592666606027
2,3,3,1,10,0.3809351505429937,0.27484531928976375,0.18518518518518517,0.9259259259259259,0.7201743156635785
1,1,5,1,10,0.3730786279805888,0.2745402745402745,0.14814814814814814,0.8888888888888888,0.7193896512447246
1,3,3,3,10,0.384881821156331,0.27437336326225215,0.18518518518518517,0.9259259259259259,0.7170484542133758
2,5,3,5,10,0.37142813613401854,0.27431149097815766,0.14814814814814814,0.9259259259259259,0.7121634592586777
1,3,1,5,10,0.3849907173436586,0.27427551871996314,0.14814814814814814,0.8888888888888888,0.705833352975694
0.5,1,1,5,10,0.3821914106227832,0.27419637975193534,0.18518518518518517,0.8888888888888888,0.719097772824153
1,1,3,2,10,0.3786780757368993,0.27418486862931307,0.2222222222222222,0.9259259259259259,0.7311977208760692
1,3,5,1,1,0.3737070844913982,0.27415177415177416,0.2222222222222222,0.8148148148148148,0.7366795271579654
0.5,1,3,3,10,0.3839523221876163,0.27414314080980745,0.18518518518518517,0.9259259259259259,0.7252043693133858
2,1,1,3,1,0.3737321864772845,0.2740035684480129,0.18518518518518517,0.8518518518518519,0.7281925622491171
2,1,1,1,1,0.3759839289251054,0.27387406831851274,0.18518518518518517,0.8518518518518519,0.7226714875315733
0.5,1,1,1,1,0.3771711585437076,0.273859679415235,0.14814814814814814,0.8148148148148148,0.7122088757483777
1,3,1,2,10,0.3815087962146786,0.2736496014273792,0.18518518518518517,0.9259259259259259,0.7182121453464697
1,3,5,2,10,0.3720596034321525,0.27343232898788455,0.2222222222222222,0.9259259259259259,0.7302705384771156
2,3,5,2,10,0.36882003254552276,0.2730999453221675,0.2222222222222222,0.9259259259259259,0.7349114461925278
2,1,5,1,1,0.36828803005273597,0.2730740452962675,0.2222222222222222,0.8518518518518519,0.7336032786811955
1,3,5,3,10,0.3724999038724529,0.2729315951538174,0.18518518518518517,0.8888888888888888,0.7243388512250319
0.5,2,1,2,10,0.38001225354166535,0.2728481395148062,0.18518518518518517,0.9259259259259259,0.7170617517836295
1,1,1,1,1,0.3782651625788881,0.27284526173415063,0.14814814814814814,0.8148148148148148,0.7131252413116074
2,5,5,3,10,0.3613972447305781,0.272705689372356,0.14814814814814814,0.9259259259259259,0.7145029624317297
1,5,1,5,10,0.3833511078609118,0.2726380615269504,0.14814814814814814,0.8518518518518519,0.706230356956461
0.5,1,1,3,10,0.3795032491110923,0.2725776281331837,0.18518518518518517,0.8888888888888888,0.7186080882522976
0.5,3,5,2,10,0.37532249885191066,0.2725013669458114,0.2222222222222222,0.9259259259259259,0.7336114020688841
2,1,5,2,10,0.36979683352232373,0.2723977668422113,0.14814814814814814,0.9629629629629629,0.7201858881056511
2,5,1,1,1,0.378130148718384,0.27235603902270566,0.14814814814814814,0.8888888888888888,0.7167878785851919
1,5,3,5,10,0.37014626622469765,0.2721661054994388,0.14814814814814814,0.8888888888888888,0.7097807149991053
2,3,3,5,10,0.38132267151875,0.27206106650551093,0.18518518518518517,0.9259259259259259,0.7168603944189114
1,2,5,5,10,0.36447789683083803,0.27199919422141644,0.14814814814814814,0.9259259259259259,0.7118969508826387
2,3,5,3,10,0.36937046250771743,0.2718222107110996,0.18518518518518517,0.8888888888888888,0.72748530560461
1,3,5,2,1,0.3744710989809029,0.27177184954962735,0.2222222222222222,0.8888888888888888,0.7395065486201576
2,5,5,1,10,0.3612023415944985,0.2713934213934214,0.18518518518518517,0.8888888888888888,0.7236797699472152
1,2,5,3,10,0.3638533579710051,0.2712696768252324,0.14814814814814814,0.8888888888888888,0.7115672717933532
0.5,1,5,1,10,0.36618798775661526,0.2712193156637601,0.14814814814814814,0.8888888888888888,0.7167552045958702
0.5,3,5,1,1,0.36567394116413726,0.27118909896687676,0.2222222222222222,0.8148148148148148,0.733112882535646
0.5,1,5,2,10,0.3674262556615498,0.2710408932631155,0.14814814814814814,0.9259259259259259,0.7156656742024375
0.5,5,1,1,10,0.37434791062242045,0.2709502431724654,0.14814814814814814,0.8888888888888888,0.7043478873943824
0.5,3,5,5,10,0.37472037766155414,0.27093873204984315,0.18518518518518517,0.8888888888888888,0.7235772230179456
0.5,5,1,5,10,0.37527900567116257,0.2707775763331319,0.14814814814814814,0.8518518518518519,0.7039551386626671
2,3,5,1,10,0.36457982830531854,0.27073440962329853,0.2222222222222222,0.8888888888888888,0.7333341814687022
2,2,1,1,1,0.37220299671280066,0.27068404846182625,0.18518518518518517,0.8518518518518519,0.7226457109566762
0.5,2,1,1,10,0.37387677681795334,0.27055167055167056,0.18518518518518517,0.8888888888888888,0.71595511949261
0.5,3,3,1,10,0.37806155355174964,0.270463898241676,0.2222222222222222,0.8888888888888888,0.7264198237308813
0.5,5,1,2,10,0.3772380488066763,0.27045382600938156,0.14814814814814814,0.8888888888888888,0.7031180117944297
1,5,5,2,10,0.3569770099181864,0.27044807044807045,0.14814814814814814,0.8888888888888888,0.7175505556457066
1,1,5,1,1,0.36162744299999205,0.2704221704221704,0.2222222222222222,0.8518518518518519,0.7320105306572162
1,1,1,2,1,0.37376671984515125,0.27041209818987594,0.14814814814814814,0.8888888888888888,0.7217117988745878
0.5,1,3,2,10,0.38200067905950263,0.27039195372528707,0.2222222222222222,0.9259259259259259,0.7302927370725752
0.5,5,5,1,0.1,0.3743375723767881,0.27031713142824254,0.25925925925925924,0.8888888888888888,0.7434967564701783
1,2,5,2,1,0.35714608557745814,0.2702638924861147,0.18518518518518517,0.9259259259259259,0.7236788843087154
1,5,3,3,10,0.36921517117595554,0.2702538202538203,0.14814814814814814,0.9259259259259259,0.7082475361733604
2,1,2,3,10,0.3777502816718503,0.2702523813634925,0.14814814814814814,0.9629629629629629,0.7131263582327013
2,3,1,2,1,0.3663384908482948,0.27021353132464243,0.2222222222222222,0.9259259259259259,0.7387435072783313
2,1,2,2,10,0.3708088208088208,0.27016460905349793,0.18518518518518517,0.9629629629629629,0.7204154255888398
0.5,2,3,2,10,0.3776174080095649,0.2701387090275979,0.2222222222222222,0.9259259259259259,0.7285699839007674
1,3,1,5,1,0.36630758493503596,0.26992719214941435,0.2222222222222222,0.8518518518518519,0.7299981449416233
1,2,5,2,10,0.36264313029018913,0.26980632536188093,0.14814814814814814,0.9259259259259259,0.7144128777753892
0.5,3,1,2,10,0.3803354597472245,0.2697257475035253,0.18518518518518517,0.9259259259259259,0.7163837604634963
0.5,5,5,5,10,0.3589779138798747,0.26965236409680854,0.14814814814814814,0.9259259259259259,0.71505572641184445
0.5,2,3,1,10,0.37121444278307025,0.2696207085095974,0.2222222222222222,0.8888888888888888,0.7265553096812191
1,3,5,3,1,0.36701595427085626,0.2694825750381306,0.18518518518518517,0.8888888888888888,0.7271357096617606
2,2,5,5,10,0.36173793526734704,0.26942645831534723,0.14814814814814814,0.9629629629629629,0.7155233818343788
2,5,5,2,1,0.3730314710706868,0.269401997179775,0.18518518518518517,0.8888888888888888,0.7338924084453142
0.5,3,1,5,10,0.38103954868660755,0.26938904716682494,0.14814814814814814,0.8888888888888888,0.7088042355105143
2,5,5,1,1,0.36755557441831954,0.2691645802756914,0.18518518518518517,0.8518518518518519,0.7305402916345225
2,3,5,1,1,0.37131194876292917,0.26911134133356357,0.2222222222222222,0.8148148148148148,0.7374618235435363
2,5,1,5,1,0.37009283381832403,0.269095513539958,0.14814814814814814,0.8148148148148148,0.7210118917462213
0.5,5,1,3,10,0.37496450535666226,0.2690509079397968,0.14814814814814814,0.8888888888888888,0.7041038622564224
1,3,1,2,1,0.367395386022837,0.2688509021842355,0.2222222222222222,0.9259259259259259,0.7358806342875355
1,3,5,1,10,0.3665099243530616,0.2688350743906299,0.2222222222222222,0.8888888888888888,0.7270692940984832
2,3,1,5,1,0.37197221805064945,0.2687544965322743,0.18518518518518517,0.8518518518518519,0.7232055027589374
2,5,5,2,0.1,0.3726891119047982,0.26868255201588537,0.18518518518518517,0.8888888888888888,0.7328568170398857
2,5,1,3,1,0.36737456443338795,0.26861780195113527,0.14814814814814814,0.8518518518518519,0.72067795963822745
0.5,1,3,1,10,0.37212217702413786,0.26857319635097415,0.2222222222222222,0.8888888888888888,0.7289995589515328
1,5,1,2,1,0.3672968643556879,0.26851995740884627,0.14814814814814814,0.8888888888888888,0.7195137432035549
0.5,3,5,1,10,0.36787192473466984,0.2684839851506518,0.2222222222222222,0.8888888888888888,0.7275391811216558
2,1,5,2,1,0.3656240636632794,0.26843218509885175,0.18518518518518517,0.9259259259259259,0.7295336730694191
0.5,2,5,5,10,0.3643073339151771,0.2683890183890184,0.14814814814814814,0.8888888888888888,0.7134574597017008
0.5,3,1,2,1,0.3660670846945357,0.2681257014590348,0.18518518518518517,0.9259259259259259,0.7283875764932493
2,5,1,2,1,0.3676995118171589,0.2680753402975625,0.14814814814814814,0.8888888888888888,0.72099529822353
1,5,1,3,1,0.36570832943381965,0.2679444012777346,0.14814814814814814,0.8888888888888888,0.7196822773587784
1,5,1,5,1,0.36472282256595984,0.2679170623615068,0.14814814814814814,0.8148148148148148,0.720624554606844
1,5,5,2,1,0.3722802614959478,0.2678954790065901,0.18518518518518517,0.8888888888888888,0.7308575392209524
2,3,5,3,1,0.3682937251564703,0.2678695789806901,0.18518518518518517,0.8518518518518519,0.7296003966637271
1,5,1,1,1,0.3715514333161392,0.2677314455092233,0.14814814814814814,0.8888888888888888,0.714460976641283
2,5,5,3,0.1,0.3692950114518742,0.2676148953926732,0.14814814814814814,0.8888888888888888,0.7193265449415969
1,1,1,5,1,0.36883755315127864,0.2675501453279231,0.18518518518518517,0.8518518518518519,0.7234471956958195
2,3,1,1,0.1,0.3577251724310548,0.26744942300497854,0.14814814814814814,0.8518518518518519,0.7152208075267518
1,3,5,5,1,0.364219912259128,0.26742927854038967,0.18518518518518517,0.8888888888888888,0.7264771004619393
0.5,3,1,1,10,0.37421195362371834,0.2673084117528562,0.18518518518518517,0.8888888888888888,0.7149973076823438
0.5,5,5,2,10,0.35713810517732086,0.26700048922271147,0.14814814814814814,0.8888888888888888,0.7163414898832875
1,5,5,5,10,0.3574814074814075,0.266977466977467,0.14814814814814814,0.9259259259259259,0.7171237042825226
0.5,5,3,5,10,0.3742804036921684,0.2669328613773058,0.14814814814814814,0.9259259259259259,0.7096298402394382
0.5,5,5,3,10,0.35538996225270736,0.26677170566059455,0.14814814814814814,0.8888888888888888,0.7121416801637351
2,2,5,3,10,0.361579814520991,0.26673717229272786,0.14814814814814814,0.9629629629629629,0.7163930918358691
2,2,5,2,10,0.35913835619717976,0.2666076721632277,0.14814814814814814,0.9629629629629629,0.7190840760724592
0.5,1,3,5,10,0.3766699168659953,0.266534288756511,0.18518518518518517,0.9259259259259259,0.7215657294919513
1,3,1,3,1,0.36194528057273156,0.26650263316929984,0.2222222222222222,0.8888888888888888,0.7294369171719522
0.5,3,5,2,1,0.36928942517177815,0.26649543871766096,0.2222222222222222,0.8888888888888888,0.7384876120341579
0.5,2,5,3,10,0.36124151810426325,0.26645802756913867,0.14814814814814814,0.8888888888888888,0.7136199438443942
0.5,3,1,3,10,0.3764561146914088,0.2662508273619385,0.14814814814814814,0.8888888888888888,0.7088750136310795
2,5,5,3,1,0.35982245786167355,0.26615586060030505,0.14814814814814814,0.8888888888888888,0.7185253267411696
1,5,5,1,0.1,0.36777543444210115,0.2660925494258828,0.2222222222222222,0.8888888888888888,0.7366031315036763
0.5,3,3,3,10,0.37456980202078244,0.2660810383032605,0.18518518518518517,0.8888888888888888,0.7161498303092084
1,5,5,3,1,0.36647027627419787,0.2659918271029382,0.14814814814814814,0.8888888888888888,0.7199838221331047
1,5,5,3,10,0.35458354281883697,0.26596304929638265,0.14814814814814814,0.8888888888888888,0.7129565345230489
0.5,5,3,2,10,0.36981199628258454,0.2659443437221215,0.14814814814814814,0.8888888888888888,0.7085483625129535
0.5,3,3,5,10,0.37548424705287453,0.2658608880831103,0.18518518518518517,0.9259259259259259,0.7158905645354459
2,1,5,1,10,0.35836208091110056,0.2657285101729546,0.14814814814814814,0.8888888888888888,0.7142697022435331
0.5,3,1,5,1,0.36130887993633093,0.2657083657083657,0.2222222222222222,0.8518518518518519,0.7294226133213094
1,2,5,1,10,0.35965015376780085,0.26558893781116,0.14814814814814814,0.8888888888888888,0.7138060612619618
0.5,2,1,3,10,0.3743146831382126,0.2654450487783821,0.14814814814814814,0.8888888888888888,0.7125323210427311
0.5,2,1,5,10,0.3746742364389423,0.2653846153846154,0.14814814814814814,0.8888888888888888,0.7127503102689121
1,2,1,1,1,0.3666563646955804,0.2651414429192207,0.14814814814814814,0.8148148148148148,0.7117329203960024
0.5,1,5,1,1,0.35897755113441393,0.2650853261964373,0.18518518518518517,0.7777777777777778,0.7203039778088196
0.5,1,2,5,10,0.37304739559641525,0.26507525396414283,0.18518518518518517,0.8888888888888888,0.71854703699186
2,2,2,3,10,0.37083127475284344,0.26495726495726496,0.14814814814814814,0.9259259259259259,0.7080897783711775
2,3,2,2,10,0.3673157271196487,0.2648838815505482,0.14814814814814814,0.8888888888888888,0.7111370780089329
2,5,2,2,10,0.363215832823676,0.2646867535756425,0.14814814814814814,0.8888888888888888,0.7088749894707145
2,5,2,3,10,0.36934532424728506,0.26467812023367576,0.14814814814814814,0.8888888888888888,0.7107884923449816
0.5,5,1,1,1,0.3728378375437199,0.2645644478977812,0.1111111111111111,0.8888888888888888,0.7078990374728783
2,1,2,1,10,0.3639983473316807,0.26452415896860343,0.14814814814814814,0.9259259259259259,0.7119090280989303
0.5,3,5,3,1,0.3644365438483086,0.26450113672335895,0.18518518518518517,0.8888888888888888,0.7285362316976576
1,5,5,1,1,0.3638104814575403,0.2644968200523756,0.18518518518518517,0.8518518518518519,0.7275576059544027
2,3,3,2,1,0.3650473709297239,0.2644896256007367,0.2222222222222222,0.9259259259259259,0.734114175097482
0.5,5,3,3,10,0.3713595772419302,0.26441624219402,0.14814814814814814,0.9259259259259259,0.7091361651743789
0.5,5,3,1,10,0.36493615317144734,0.26440329218106995,0.14814814814814814,0.8888888888888888,0.7103088720193044
1,2,1,2,1,0.36192971879246394,0.2642622809289476,0.14814814814814814,0.8888888888888888,0.7226791254942765
1,2,5,1,1,0.3480928294653785,0.2642291864514087,0.18518518518518517,0.8148148148148148,0.7205105810608265
0.5,2,3,5,10,0.37236623217015374,0.26418170307059197,0.18518518518518517,0.9259259259259259,0.7212493597876661
1,1,5,2,1,0.3561640247914758,0.26415004748338083,0.18518518518518517,0.9259259259259259,0.7260021335938746
2,5,5,1,0.1,0.3715605382272049,0.2641299030187919,0.2222222222222222,0.8888888888888888,0.7377187455230353
0.5,2,3,3,10,0.37118244863342903,0.2640694696250252,0.18518518518518517,0.9259259259259259,0.721877333392273
2,3,5,5,1,0.36295868256652575,0.2639169472502806,0.18518518518518517,0.8518518518518519,0.7286369410065163
1,5,2,5,10,0.3706463108423893,0.26386370830815276,0.14814814814814814,0.8518518518518519,0.7061683532219466
0.5,5,5,1,1,0.3644670144670145,0.26377161932717486,0.2222222222222222,0.8518518518518519,0.7336820987054424
2,2,2,5,10,0.3685039724255411,0.263679530346197,0.14814814814814814,0.8888888888888888,0.7051959991441085
2,2,5,2,1,0.3578023283905637,0.2636651414429192,0.18518518518518517,0.8888888888888888,0.7267713134316974
1,5,2,1,1,0.36540732325046055,0.2636190969524303,0.18518518518518517,0.8888888888888888,0.7126859277126418
0.5,2,5,1,10,0.35680971171167253,0.263581685803908,0.14814814814814814,0.8888888888888888,0.7138531138523561
2,1,1,2,1,0.36634828497573596,0.26356154133931914,0.18518518518518517,0.8888888888888888,0.7308168688609284
2,2,2,2,10,0.36163404496737833,0.2634939134939135,0.14814814814814814,0.9629629629629629,0.7114172236401695
2,3,2,3,10,0.3720397612554476,0.26336441336441335,0.14814814814814814,0.8888888888888888,0.7070236470647483
2,1,2,5,10,0.36809327201484066,0.26325937437048547,0.14814814814814814,0.9629629629629629,0.7109803468838519
1,1,1,3,1,0.3628295089079403,0.2631946243057354,0.18518518518518517,0.8518518518518519,0.7228622978663852
1,1,2,3,10,0.3725805421883854,0.2631672853895076,0.14814814814814814,0.8888888888888888,0.7130951284264531
2,1,5,3,1,0.3578577558969716,0.26314282425393537,0.14814814814814814,0.8518518518518519,0.7175835200830007
2,5,5,5,0.1,0.36611424160443773,0.263125557570002,0.14814814814814814,0.8888888888888888,0.7190665935820149
1,5,2,2,1,0.35921598372578767,0.26302771302771305,0.18518518518518517,0.8888888888888888,0.7171191464625132
0.5,1,2,2,10,0.3650825209648739,0.2629744740855852,0.18518518518518517,0.8888888888888888,0.7192814431987246
2,3,1,3,1,0.3635843822118332,0.262767273878385,0.18518518518518517,0.8518518518518519,0.7242572896738951
0.5,2,5,2,10,0.3576224791911067,0.26265504043281823,0.14814814814814814,0.9259259259259259,0.714976234852137
0.5,3,3,2,10,0.374116116272979,0.2624982013870903,0.2222222222222222,0.9259259259259259,0.727602256807068
1,5,2,3,10,0.36862001469844613,0.26229244007021785,0.14814814814814814,0.8888888888888888,0.7053481463583243
0.5,1,1,5,1,0.3595690438827694,0.2622838067282512,0.14814814814814814,0.8148148148148148,0.7146009465778974
1,5,5,1,10,0.3475460269577917,0.26225934559267894,0.14814814814814814,0.8888888888888888,0.7101580754189395
0.5,5,1,5,1,0.3632341877439917,0.26223056778612336,0.14814814814814814,0.8518518518518519,0.7205555195501768
2,2,5,1,10,0.35195860784096084,0.26218308440530663,0.14814814814814814,0.9259259259259259,0.7141287768559285
1,1,2,2,10,0.36501008069635527,0.26207228985006764,0.18518518518518517,0.8888888888888888,0.7184781851782646
1,2,1,5,1,0.361056517919263,0.26186221186221187,0.18518518518518517,0.8148148148148148,0.7218184933782421
2,5,2,1,10,0.35962682923467243,0.2617514173069729,0.14814814814814814,0.8888888888888888,0.7115069783303143
1,1,2,5,10,0.3704320008241577,0.26151112262223375,0.14814814814814814,0.8888888888888888,0.7123136144050145
2,5,2,2,1,0.35545536525928684,0.2615039281705948,0.18518518518518517,0.8888888888888888,0.7184371059977683
1,5,5,2,0.1,0.36050663207525957,0.26141183918961697,0.18518518518518517,0.8888888888888888,0.7281054332959611
2,1,3,2,1,0.35723419644988275,0.261301044634378,0.18518518518518517,0.9629629629629629,0.7273088275680577
0.5,1,1,3,1,0.355525701604133,0.2611744222855334,0.14814814814814814,0.8148148148148148,0.7144780620582374
1,5,3,2,1,0.3571821787508062,0.2609600276266943,0.18518518518518517,0.8888888888888888,0.718929949604659
0.5,2,1,2,1,0.3554904790198908,0.2609585887363665,0.14814814814814814,0.8518518518518519,0.7188582471508929
0.5,1,1,2,1,0.3578950098557942,0.2609542720653832,0.14814814814814814,0.8518518518518519,0.7193599818558215
1,5,5,5,1,0.3649561041717905,0.260772971884083,0.14814814814814814,0.8518518518518519,0.7185051247402205
2,5,2,5,10,0.3635696184715793,0.26075858298080523,0.14814814814814814,0.8888888888888888,0.7081092543939336
0.5,2,5,1,1,0.3477554399123027,0.2607398774065441,0.18518518518518517,0.7777777777777778,0.7191398224245671
0.5,3,1,3,1,0.3562509748784259,0.2607182940516274,0.2222222222222222,0.8888888888888888,0.7294231094310605
0.5,1,2,3,10,0.36482156188038545,0.26068807735474403,0.18518518518518517,0.8888888888888888,0.7174567955297669
2,2,2,1,10,0.35770224691793323,0.2606837606837607,0.14814814814814814,0.8888888888888888,0.7097193627593613
0.5,5,5,1,10,0.3475193288918779,0.26061757172868283,0.14814814814814814,0.8888888888888888,0.7100808073153103
1,1,2,1,10,0.3626605783468529,0.26060462171573284,0.18518518518518517,0.8518518518518519,0.7151261926556868
0.5,3,5,5,1,0.3594794094794095,0.26039598261820485,0.18518518518518517,0.8888888888888888,0.722813470182158
1,5,2,5,1,0.3574937045525281,0.2603772770439437,0.18518518518518517,0.8148148148148148,0.7131284328319512
2,1,5,5,0.1,0.3434386238307807,0.26027655472099914,0.14814814814814814,0.8888888888888888,0.7183203833457256
2,5,3,1,1,0.36210779053916314,0.2602564102564102,0.14814814814814814,0.8518518518518519,0.7129041236559721
1,3,3,2,1,0.35782333135274313,0.2600175544619989,0.2222222222222222,0.8888888888888888,0.7334168578229351
2,2,5,1,1,0.3490443108090167,0.25999740999741,0.18518518518518517,0.8518518518518519,0.7224862163356216
2,5,5,5,1,0.3575933144560596,0.259860715416271,0.14814814814814814,0.8888888888888888,0.7182456351287253
0.5,5,1,2,1,0.3512586179252846,0.2598448876226654,0.1111111111111111,0.8888888888888888,0.710927689067115
0.5,2,1,1,1,0.3610409198644493,0.2597959653515209,0.14814814814814814,0.8148148148148148,0.7108252925307481
2,5,2,3,1,0.35680456072612937,0.2597729431062764,0.18518518518518517,0.8888888888888888,0.7157362011400726
1,2,2,3,10,0.369116903430629,0.25970963193185415,0.14814814814814814,0.9259259259259259,0.7097284161589797
0.5,5,1,3,1,0.3596230204073341,0.2596679041123485,0.14814814814814814,0.8518518518518519,0.7186837802024947
2,3,2,5,10,0.36686574137554534,0.2595053095053095,0.14814814814814814,0.8888888888888888,0.7060481166208142
2,2,1,5,1,0.3629213197840649,0.2594966761633428,0.18518518518518517,0.8148148148148148,0.7219121669849557
1,1,3,1,1,0.3486724604371663,0.2594362427695761,0.14814814814814814,0.8888888888888888,0.7105369512530492
2,5,2,1,1,0.36493473846415025,0.2594146594146594,0.18518518518518517,0.8888888888888888,0.7144435258913842
1,2,2,2,10,0.36341291243252033,0.25937293159515384,0.18518518518518517,0.9259259259259259,0.7187874514967081
2,3,2,1,10,0.361614021417943,0.25932400932400934,0.14814814814814814,0.8518518518518519,0.7083790249197134
1,5,2,1,10,0.36183649320904226,0.25919307030418143,0.14814814814814814,0.8518518518518519,0.7045996403374812
1,5,2,2,10,0.36135146625342707,0.2589211200322311,0.14814814814814814,0.8518518518518519,0.7035169501714618
1,1,5,3,1,0.3447498398478791,0.2587182364960143,0.18518518518518517,0.8888888888888888,0.7198041763951188
0.5,5,5,5,1,0.3640829032985896,0.25862039195372527,0.14814814814814814,0.8518518518518519,0.7192383722973696
1,1,3,3,1,0.34812946675691775,0.2581297303519526,0.2222222222222222,0.8518518518518519,0.7271424758000133
1,3,3,1,1,0.3537559753246028,0.25810526921638033,0.14814814814814814,0.8518518518518519,0.7119608052942861
1,3,1,1,0.1,0.3500600343737599,0.2580779303001525,0.1111111111111111,0.8518518518518519,0.7080792936626631
2,1,5,3,0.1,0.3436350867723417,0.25795130795130794,0.14814814814814814,0.8518518518518519,0.71689237949865
0.5,5,5,3,1,0.361300137770726,0.257905263460819,0.14814814814814814,0.8888888888888888,0.7192891125700295
2,1,5,1,0.1,0.3496214751116712,0.25776425220869664,0.18518518518518517,0.8518518518518519,0.7215920933657727
0.5,2,2,5,10,0.36829289084191047,0.25773691329246884,0.18518518518518517,0.8888888888888888,0.718410271534699
2,1,3,1,1,0.3484088895853602,0.25770957437624104,0.18518518518518517,0.8518518518518519,0.7175017145088007
1,2,2,5,10,0.36588962961511984,0.25763762985985206,0.14814814814814814,0.9259259259259259,0.7092178301367108
0.5,1,2,1,10,0.3586296419629753,0.25758295202739645,0.18518518518518517,0.8518518518518519,0.7154230918281521
1,2,2,1,10,0.3588064078260157,0.25755992978215203,0.18518518518518517,0.8518518518518519,0.7154746186483546
2,2,1,3,1,0.36275111961386475,0.2575455408788742,0.18518518518518517,0.8518518518518519,0.7241557259082796
0.5,2,5,2,1,0.34752618478108677,0.2575196408529742,0.18518518518518517,0.9259259259259259,0.7202823222645104
0.5,2,1,5,1,0.34687563707171554,0.25714840714840714,0.14814814814814814,0.8148148148148148,0.714073292256171
1,5,1,1,0.1,0.347221188397659,0.2570951682062793,0.14814814814814814,0.9629629629629629,0.7141812178135815
1,5,5,3,0.1,0.35911590225315715,0.2570361737028404,0.14814814814814814,0.8518518518518519,0.7165754982585099
1,1,3,2,1,0.3511661178327845,0.25703185703185705,0.18518518518518517,0.9259259259259259,0.7202390208734861
2,5,3,1,0.1,0.3494986132241034,0.25680882903105123,0.1111111111111111,0.8888888888888888,0.7016545818623511
2,2,1,2,1,0.3584160211611192,0.2565138565138565,0.18518518518518517,0.8888888888888888,0.7312081470911603
0.5,2,2,2,10,0.363830686379706,0.25633831189386747,0.18518518518518517,0.8888888888888888,0.7162536009438782
2,1,5,5,1,0.35251549467235743,0.25623615068059513,0.14814814814814814,0.8888888888888888,0.7153349574966336
2,2,5,3,1,0.3450203391379862,0.2559037670148781,0.14814814814814814,0.8518518518518519,0.7158193770148042
1,1,5,5,1,0.34103728515493226,0.25586203919537254,0.18518518518518517,0.8888888888888888,0.7172136498306987
1,2,1,3,1,0.3540968109595561,0.2557670724337391,0.18518518518518517,0.8148148148148148,0.7202963817722778
0.5,5,2,5,10,0.362377237867434,0.2557181501625946,0.14814814814814814,0.8888888888888888,0.7052549281531872
2,1,1,1,0.1,0.3458598772324263,0.2551857607413163,0.14814814814814814,0.8518518518518519,0.7156428830900803
0.5,3,3,2,1,0.35302965008847365,0.2548922271144493,0.18518518518518517,0.8888888888888888,0.7217638033349881
2,5,3,2,1,0.35130646405156213,0.2547555325333103,0.18518518518518517,0.8888888888888888,0.7171263550312695
0.5,5,5,2,1,0.36154542625130864,0.2546677602233158,0.18518518518518517,0.8888888888888888,0.7260227621538217
0.5,2,2,1,10,0.35819057485724154,0.2544864600420156,0.18518518518518517,0.8518518518518519,0.7148061163905431
1,2,5,3,1,0.34193943311590375,0.25432242654464876,0.14814814814814814,0.8148148148148148,0.7098457452831444
0.5,1,5,5,1,0.3467788928573243,0.2541871708538375,0.18518518518518517,0.8888888888888888,0.7195675953008124
1,1,3,5,1,0.3427385976405585,0.25416414860859304,0.2222222222222222,0.8518518518518519,0.7236164174444664
0.5,1,5,2,1,0.35180832239655774,0.25415839304728194,0.18518518518518517,0.9259259259259259,0.7206734233035778
2,5,2,5,1,0.3529837627876844,0.2540965207631874,0.18518518518518517,0.8148148148148148,0.7145399785651988
0.5,1,3,3,1,0.3440505028740323,0.2538073038073038,0.2222222222222222,0.8518518518518519,0.7235669782311036
0.5,5,2,1,10,0.35748942415609086,0.2537583815361593,0.14814814814814814,0.8518518518518519,0.7043213204039313
1,2,3,2,1,0.3369766761923625,0.25366485366485364,0.18518518518518517,0.9259259259259259,0.7218507683670963
1,5,3,1,1,0.3550328030720188,0.253656220322887,0.14814814814814814,0.8518518518518519,0.7093074426476369
0.5,5,3,1,1,0.35486405388366177,0.2536418314196092,0.14814814814814814,0.8518518518518519,0.7082523092939453
2,5,3,2,0.1,0.3431986314339256,0.2536331980776425,0.14814814814814814,0.9259259259259259,0.7110100019188558
2,3,3,1,1,0.3531819669074571,0.2534893090448646,0.18518518518518517,0.8148148148148148,0.7195001158105909
0.5,1,3,1,1,0.3454546905527298,0.2532432587988144,0.14814814814814814,0.8148148148148148,0.7086203294206667
0.5,3,1,1,0.1,0.3492674718164914,0.25309217531439754,0.14814814814814814,0.8518518518518519,0.7123546246083814
1,5,2,3,1,0.34703219801259017,0.25292238625571956,0.18518518518518517,0.8888888888888888,0.7126175488193521
1,3,2,3,10,0.36242834870285856,0.25282741949408616,0.14814814814814814,0.8518518518518519,0.7044277701975069
0.5,5,2,2,10,0.357600424267091,0.25275691386802496,0.14814814814814814,0.8518518518518519,0.7016112433982556
1,5,3,2,0.1,0.3407689260630437,0.25231661342772455,0.14814814814814814,0.8888888888888888,0.7095336205652718
0.5,5,2,3,10,0.3589301403026894,0.2522518633629745,0.14814814814814814,0.8888888888888888,0.7046100155394062
2,3,3,3,1,0.3534456828574476,0.25216984661429104,0.2222222222222222,0.8888888888888888,0.7260717299274646
2,1,3,3,1,0.3455465377034005,0.2520504187170854,0.2222222222222222,0.8518518518518519,0.7263196996132605
0.5,5,5,2,0.1,0.3550529717196384,0.25173961840628506,0.18518518518518517,0.8518518518518519,0.7263407676890653
1,3,2,5,10,0.3608925206964423,0.25165760165760165,0.14814814814814814,0.8888888888888888,0.7043259981659982
2,5,2,5,0.1,0.34514849710928147,0.251648968315635,0.14814814814814814,0.8518518518518519,0.7079039601319835
0.5,5,3,2,0.1,0.3416130347502897,0.2514518403407292,0.14814814814814814,0.8888888888888888,0.7076308169085244
0.5,5,2,2,1,0.34458486321231424,0.25131658464991796,0.14814814814814814,0.8518518518518519,0.7071480493912473
2,2,5,2,0.1,0.33505757133208114,0.2507856341189675,0.18518518518518517,0.9259259259259259,0.7260189011058749
1,3,2,1,1,0.35052667013451333,0.2507323951768396,0.2222222222222222,0.8148148148148148,0.7185762081413745
0.5,3,3,1,1,0.3477340016555703,0.25054246165357275,0.14814814814814814,0.8518518518518519,0.7108596305852899
2,5,1,1,0.1,0.33951418951418955,0.2503942559498115,0.14814814814814814,0.8888888888888888,0.7143104474997957
1,1,2,1,1,0.34570999080803005,0.2503079225301447,0.18518518518518517,0.7407407407407407,0.711189989272345
0.5,2,2,3,10,0.3572982210237112,0.2502820225042447,0.18518518518518517,0.8888888888888888,0.7171410468375262
1,5,3,3,1,0.34751377888632795,0.2501942501942502,0.14814814814814814,0.8518518518518519,0.7114551313348924
0.5,5,2,1,1,0.3493014973407131,0.25013525569081124,0.14814814814814814,0.8518518518518519,0.7032221328661962
1,1,5,1,0.1,0.3369795056069566,0.2500661889550778,0.18518518518518517,0.8148148148148148,0.7205943078756079
2,3,3,5,1,0.35372811647321456,0.24992517770295547,0.2222222222222222,0.8888888888888888,0.727508928776126
1,1,1,1,0.1,0.33721902643471274,0.24988632766410543,0.18518518518518517,0.8518518518518519,0.7208581398028262
1,2,2,1,1,0.34555509849627497,0.2497309275087053,0.18518518518518517,0.7407407407407407,0.7077691855091428
0.5,3,2,2,10,0.359575319379241,0.2496891996891997,0.18518518518518517,0.8888888888888888,0.7145202860009157
0.5,5,1,5,0.1,0.33515943025746947,0.2496877607988719,0.14814814814814814,0.8518518518518519,0.7115346761749995
1,3,2,1,10,0.3517687468667861,0.24967624967624968,0.18518518518518517,0.8518518518518519,0.7117108233569789
0.5,1,3,5,1,0.3393023098905452,0.24965034965034963,0.2222222222222222,0.8518518518518519,0.7233674080038504
2,1,3,5,1,0.3425927376907769,0.2496330829664163,0.2222222222222222,0.8518518518518519,0.7236768630594215
2,3,5,2,0.1,0.347352465979917,0.24942444386888832,0.2222222222222222,0.8888888888888888,0.7422533772094481
0.5,5,2,3,1,0.3438003536042752,0.24939134939134938,0.18518518518518517,0.8888888888888888,0.7119398129673578
1,3,5,1,0.1,0.3451779520406972,0.24938703272036605,0.18518518518518517,0.8148148148148148,0.7233294486203229
1,5,2,5,0.1,0.34109180579768816,0.24935825491381047,0.18518518518518517,0.8148148148148148,0.7106755126295183
2,5,2,2,0.1,0.34160802886293085,0.24916688250021585,0.18518518518518517,0.8888888888888888,0.7190302923494181
2,5,1,3,0.1,0.3341763175096509,0.24903450459006016,0.07407407407407407,0.7777777777777778,0.6963181035022767
0.5,1,5,3,1,0.3433525806074826,0.24898989898989898,0.18518518518518517,0.8518518518518519,0.7194506352328719
1,2,5,2,0.1,0.3298369749350142,0.24876974876974878,0.18518518518518517,0.9259259259259259,0.7238402762878052
1,5,5,5,0.1,0.35376819984663127,0.24870643759532648,0.14814814814814814,0.8518518518518519,0.7162103705004804
1,3,2,2,10,0.35225344735148656,0.24867478200811532,0.18518518518518517,0.8888888888888888,0.7146790862997926
0.5,3,3,3,1,0.34335943649669143,0.2486143486143486,0.2222222222222222,0.8518518518518519,0.7267625724418615
2,3,3,1,0.1,0.34349506702447885,0.24849492071714294,0.18518518518518517,0.8518518518518519,0.7202034334124429
1,2,2,2,1,0.3423899267036522,0.24832800943912053,0.18518518518518517,0.8888888888888888,0.7189940139761202
2,5,2,3,0.1,0.3421616509851804,0.24820282598060375,0.18518518518518517,0.8518518518518519,0.7161051164528348
1,1,2,2,1,0.3465304847657789,0.2480891536447092,0.18518518518518517,0.9259259259259259,0.7198044550855531
2,2,3,2,1,0.3424272169370209,0.24804454804454804,0.18518518518518517,0.9629629629629629,0.7236300630681961
1,5,3,1,0.1,0.34183144379222813,0.24802008690897578,0.14814814814814814,0.8888888888888888,0.7073262322926308
2,2,5,5,1,0.3351073037347547,0.24796684796684798,0.14814814814814814,0.8888888888888888,0.7142506435485674
0.5,3,3,5,1,0.3428081359453909,0.24794094794094793,0.2222222222222222,0.8518518518518519,0.7260019335232553
1,2,3,1,1,0.33554698750777184,0.24784310339865895,0.14814814814814814,0.8148148148148148,0.7077634938040644
2,3,1,2,0.1,0.3355274718019816,0.24779418112751445,0.18518518518518517,0.9259259259259259,0.729382035021088
0.5,3,2,1,10,0.3544549495529888,0.2477769144435811,0.18518518518518517,0.8518518518518519,0.7132723091852233
2,1,2,5,1,0.344581525954075,0.24747618636507526,0.2222222222222222,0.8518518518518519,0.717797942821476
1,1,5,5,0.1,0.33468187585834647,0.2474243863132752,0.18518518518518517,0.8888888888888888,0.7214588486199581
0.5,2,1,3,1,0.33942876295817476,0.24738697516475294,0.14814814814814814,0.8148148148148148,0.7110964751964461
2,1,2,2,1,0.3507107997304076,0.24729056951279174,0.2222222222222222,0.9259259259259259,0.7267828543395198
2,3,3,2,0.1,0.34027174713449226,0.24728337506115283,0.2222222222222222,0.9259259259259259,0.7298287541688815
0.5,5,1,1,0.1,0.3410908989340362,0.24719848053181387,0.14814814814814814,0.8888888888888888,0.7132929254547745
1,3,3,1,0.1,0.32985975534995143,0.24707329707329706,0.14814814814814814,0.8148148148148148,0.7044273071285728
1,2,5,1,0.1,0.3332700705249725,0.24687616909839133,0.14814814814814814,0.8148148148148148,0.7110887060598957
1,3,3,3,1,0.3409174703292351,0.24677688566577455,0.2222222222222222,0.8518518518518519,0.7246539612625881
0.5,3,2,5,10,0.35849535359339285,0.24677113010446344,0.14814814814814814,0.8888888888888888,0.7075216967277276
0.5,5,2,5,1,0.3397430456253986,0.24676825232380786,0.18518518518518517,0.8148148148148148,0.7120902956545654
0.5,5,3,2,1,0.3414659777404876,0.2466847966847967,0.18518518518518517,0.8888888888888888,0.7152512142515154
2,1,5,2,0.1,0.33362196989647974,0.24650925206480762,0.2222222222222222,0.9259259259259259,0.7329613598724887
0.5,5,5,5,0.1,0.3560026393359727,0.24633514633514633,0.14814814814814814,0.8148148148148148,0.7206632640775381
2,3,2,2,1,0.3476688162962673,0.24631500187055744,0.2222222222222222,0.8888888888888888,0.7263713061429233
2,3,5,1,0.1,0.3466308927093241,0.2462891018446574,0.18518518518518517,0.8518518518518519,0.731197465485742
0.5,5,3,3,1,0.3398316643414683,0.24611643500532387,0.14814814814814814,0.8518518518518519,0.709077139731722
1,2,5,5,1,0.33549228549228555,0.24606463495352385,0.14814814814814814,0.8518518518518519,0.709098482108892
2,5,3,3,1,0.34414819022662163,0.24592074592074592,0.14814814814814814,0.8888888888888888,0.7124132774299786
0.5,3,2,3,10,0.3564955015935408,0.24588189588189588,0.14814814814814814,0.8518518518518519,0.7078109984817998
0.5,5,5,3,0.1,0.3586543086543087,0.24573656795879018,0.14814814814814814,0.8148148148148148,0.7180839604265333
2,2,2,2,1,0.3471301755615481,0.2456588678810901,0.2222222222222222,0.9259259259259259,0.7264751915337625
1,5,3,5,1,0.3409269017112155,0.24545310656421768,0.14814814814814814,0.8148148148148148,0.7095677790226298
0.5,5,2,5,0.1,0.3324430471489295,0.24517683962128406,0.18518518518518517,0.7777777777777778,0.7080302877948355
0.5,1,3,2,1,0.3370629370629371,0.24516532849866182,0.18518518518518517,0.9259259259259259,0.7190138590494993
2,5,3,5,1,0.34626524528485314,0.2450703617370284,0.14814814814814814,0.8888888888888888,0.7128297627886979
0.5,3,5,1,0.1,0.3435615945419867,0.245014245014245,0.2222222222222222,0.8148148148148148,0.7284937254187065
1,1,2,5,1,0.3433386149072424,0.2449178393622838,0.2222222222222222,0.8518518518518519,0.7165976118800796
1,1,5,3,0.1,0.3252136752136753,0.24483870039425595,0.18518518518518517,0.8518518518518519,0.7215113738948781
2,2,5,1,0.1,0.3341029341029341,0.24461135572246684,0.14814814814814814,0.8148148148148148,0.7119313983987794
0.5,1,5,1,0.1,0.3329639496306163,0.24456099456099456,0.18518518518518517,0.7777777777777778,0.7188483660717994
2,2,3,1,1,0.33780221231201624,0.24449480560591672,0.18518518518518517,0.8888888888888888,0.7156510247165074
2,2,1,1,0.1,0.3345247707992806,0.24449192782526116,0.14814814814814814,0.8518518518518519,0.7124569763184013
2,2,2,5,1,0.34055461604481213,0.24445020000575557,0.2222222222222222,0.8148148148148148,0.7164985973908915
2,1,2,1,1,0.34344109049991406,0.24442429997985554,0.2222222222222222,0.8518518518518519,0.7185743682086853
1,5,2,3,0.1,0.33364714443145815,0.2444055944055944,0.2222222222222222,0.8148148148148148,0.7165372782845889
0.5,5,1,3,0.1,0.33039803333920986,0.24440271662493884,0.14814814814814814,0.8518518518518519,0.7113381374268865
1,3,3,5,1,0.34087800362310167,0.24427897205674984,0.2222222222222222,0.8518518518518519,0.726386114012567
2,1,3,1,0.1,0.3261979124724223,0.2442185386629831,0.18518518518518517,0.8888888888888888,0.7178469255614442
0.5,5,3,5,0.1,0.34146412773863755,0.24413796080462746,0.18518518518518517,0.8518518518518519,0.7103548147319864
0.5,1,2,1,1,0.33917371662469703,0.24386744942300498,0.18518518518518517,0.7777777777777778,0.7071976223986689
0.5,3,3,1,0.1,0.33044283240361677,0.24380701602923824,0.14814814814814814,0.8518518518518519,0.6990199248210176
2,3,5,3,0.1,0.34021018922979707,0.24332354887910443,0.18518518518518517,0.8518518518518519,0.7213152098168538
2,2,2,3,1,0.3397533475964849,0.24327606549828773,0.2222222222222222,0.8518518518518519,0.7170737055936892
0.5,5,1,2,0.1,0.32826755669892926,0.24325304325304326,0.1111111111111111,0.8518518518518519,0.7009727565989456
2,5,1,5,0.1,0.32764591980278257,0.24303577081354857,0.07407407407407407,0.7777777777777778,0.695922622434224
1,3,5,2,0.1,0.3408351996587291,0.2430285763619097,0.2222222222222222,0.8888888888888888,0.7407538003953166
1,5,1,2,0.1,0.32674562184366107,0.2429307318196207,0.07407407407407407,0.8148148148148148,0.6970917444906065
2,5,3,5,0.1,0.34186459872734387,0.24289907623240956,0.14814814814814814,0.8148148148148148,0.7084916720162664
2,3,2,1,1,0.3417681084347751,0.24289188178077067,0.2222222222222222,0.7777777777777778,0.71845852558214085
0.5,1,3,2,0.1,0.32533425180484005,0.24276094276094276,0.14814814814814814,0.9259259259259259,0.7094010497157719
1,1,3,1,0.1,0.3276110236894551,0.2426688537799649,0.14814814814814814,0.8518518518518519,0.7077648465965822
1,5,2,2,0.1,0.3331155772332243,0.24255230366341476,0.14814814814814814,0.8518518518518519,0.7089247628114125
2,5,1,2,0.1,0.32296904257688575,0.24251920918587586,0.1111111111111111,0.8518518518518519,0.7067082758055312
1,5,1,3,0.1,0.3257298620043719,0.2423825146047368,0.14814814814814814,0.7777777777777778,0.7077965319891348
1,5,1,5,0.1,0.33000902510706437,0.2423494201271979,0.14814814814814814,0.8148148148148148,0.7091627571260262
2,3,2,5,1,0.34069931520911917,0.24230913119802008,0.18518518518518517,0.8518518518518519,0.711342812413398
0.5,2,5,2,0.1,0.32201727103687894,0.2420803476359032,0.18518518518518517,0.8888888888888888,0.7197323622680832
2,1,2,3,1,0.33706300961202923,0.24198106420328644,0.2222222222222222,0.8518518518518519,0.7176762663306903
0.5,1,2,3,1,0.32846304022774614,0.24192350859017525,0.18518518518518517,0.8148148148148148,0.709199381315627
2,2,3,3,1,0.333234231273447,0.2419062419062419,0.14814814814814814,0.8888888888888888,0.709154727057248
0.5,2,2,1,1,0.33878409172526824,0.2418227862672307,0.18518518518518517,0.7407407407407407,0.707424264266641
0.5,3,2,1,1,0.34162870535419554,0.24181415292526404,0.18518518518518517,0.8148148148148148,0.7103857340516755
0.5,5,3,3,0.1,0.3399312016959076,0.2418098362542807,0.14814814814814814,0.8148148148148148,0.7034834951693362
0.5,5,3,5,1,0.33662822290273275,0.2415609082275749,0.14814814814814814,0.8148148148148148,0.7082416025203431
2,3,2,3,1,0.34309245583755393,0.24146738035626925,0.18518518518518517,0.7777777777777778,0.712633207567492
2,2,2,1,1,0.343534896476073,0.2413047857492302,0.2222222222222222,0.7777777777777778,0.7185334570178161
0.5,5,3,1,0.1,0.33568294450647396,0.24115514115514114,0.14814814814814814,0.8888888888888888,0.7043175240093483
1,1,3,2,0.1,0.32393884256629357,0.24113931336153557,0.18518518518518517,0.9259259259259259,0.7176708335151556
1,3,2,2,1,0.3449216723726528,0.2410616132838355,0.2222222222222222,0.8888888888888888,0.7244466139943068
2,5,3,3,0.1,0.33673058967176617,0.24064865175976288,0.1111111111111111,0.8518518518518519,0.7014057657534227
1,2,3,5,1,0.32459635498851186,0.2404472071138738,0.18518518518518517,0.8518518518518519,0.7133453311575474
1,3,2,5,1,0.34053368563172487,0.24044432933321822,0.2222222222222222,0.8148148148148148,0.7183804043572648
2,1,3,2,0.1,0.3174656860931371,0.24042994042994043,0.18518518518518517,0.9629629629629629,0.721467761534486
0.5,2,5,3,1,0.329643196309863,0.24021410688077355,0.18518518518518517,0.8518518518518519,0.7143621355842592
0.5,2,5,1,0.1,0.3244749078082412,0.24020979020979022,0.14814814814814814,0.7777777777777778,0.7092386652005045
1,3,3,2,0.1,0.3234103949790224,0.24014072347405682,0.18518518518518517,0.8888888888888888,0.7215058286179021
1,1,5,2,0.1,0.3254401372048431,0.24007309562865117,0.2222222222222222,0.9259259259259259,0.7295682612812399
0.5,2,3,1,1,0.3308273425920485,0.23972344527900083,0.14814814814814814,0.8148148148148148,0.7036143829011183
0.5,1,2,2,1,0.3347617524088113,0.2396371118593341,0.18518518518518517,0.8888888888888888,0.7150940399968486
1,5,3,5,0.1,0.3400523586798097,0.23961408961408961,0.14814814814814814,0.8518518518518519,0.7052598939051303
1,3,5,3,0.1,0.33420341459557146,0.23920256698034476,0.18518518518518517,0.8518518518518519,0.7221480177595062
1,2,1,1,0.1,0.33273512979395337,0.23914069469625024,0.18518518518518517,0.8518518518518519,0.7186796374708734
1,2,3,3,1,0.3210278102434966,0.23906587239920574,0.18518518518518517,0.8518518518518519,0.7121572365927303
2,3,5,5,0.1,0.33277622885466024,0.23884284439839995,0.14814814814814814,0.8518518518518519,0.714756072273732
1,3,2,3,1,0.3369964820945213,0.23883852772741662,0.2222222222222222,0.8518518518518519,0.718733640015629
0.5,1,2,5,1,0.3287815670168612,0.23882845549512216,0.18518518518518517,0.8148148148148148,0.7080593963526928
1,3,5,5,0.1,0.32706574471280353,0.23867881090103313,0.14814814814814814,0.8518518518518519,0.7139827160186735
1,1,3,3,0.1,0.31948530772060185,0.23861262194595528,0.18518518518518517,0.8148148148148148,0.716392005038633
2,2,3,5,1,0.32665725704941395,0.2386039886039886,0.18518518518518517,0.8888888888888888,0.7153052182335676
1,5,3,3,0.1,0.33574475633299167,0.23847304958416068,0.1111111111111111,0.8148148148148148,0.6978745809820968
2,3,1,3,0.1,0.3267054659211522,0.23822124377679932,0.1111111111111111,0.8888888888888888,0.7150362104057868
0.5,1,5,5,0.1,0.32328020563314686,0.23814498258942704,0.18518518518518517,0.8148148148148148,0.7167620071200597
2,5,2,1,0.1,0.34307243228811857,0.23811620478287146,0.14814814814814814,0.8888888888888888,0.7071456374742087
2,2,3,1,0.1,0.3188137207745051,0.23804569915681026,0.14814814814814814,0.8888888888888888,0.7072426168153259
2,1,3,5,0.1,0.31922688785433884,0.2379550490661602,0.18518518518518517,0.8518518518518519,0.7185207775736376
1,1,2,3,1,0.3316934699287641,0.23794785461452128,0.18518518518518517,0.8518518518518519,0.7098155681423032
0.5,1,5,3,0.1,0.32367284131990015,0.23790324901436014,0.18518518518518517,0.8518518518518519,0.7168616624740589
1,2,2,5,1,0.332556513929063,0.23788886011108232,0.2222222222222222,0.8518518518518519,0.7145078800205237
2,3,2,1,0.1,0.319822842371862,0.23788166565944344,0.2222222222222222,0.8518518518518519,0.7186074161080758
0.5,1,3,1,0.1,0.32070065011241483,0.23777662666551555,0.18518518518518517,0.8148148148148148,0.7085960732118415
0.5,2,5,5,1,0.32494517102360243,0.2377032432587988,0.18518518518518517,0.8888888888888888,0.7133202978408508
2,1,3,3,0.1,0.31624914664130355,0.2371161760050649,0.18518518518518517,0.8148148148148148,0.7162813552915503
2,3,1,5,0.1,0.32723906449396645,0.23707013151457595,0.1111111111111111,0.8888888888888888,0.7151168606216647
0.5,3,1,2,0.1,0.3235800873055775,0.23660536993870326,0.14814814814814814,0.8518518518518519,0.7141645628587656
0.5,3,2,5,1,0.3319833398264771,0.23659961437739216,0.2222222222222222,0.8148148148148148,0.7176294254424365
0.5,3,2,2,1,0.33226308912583424,0.23658522547411437,0.18518518518518517,0.8888888888888888,0.7152801301458983
1,1,3,5,0.1,0.31718513875376625,0.23606866384644162,0.18518518518518517,0.8518518518518519,0.7168565168058961
0.5,1,1,1,0.1,0.31980927569162865,0.23592333592333592,0.14814814814814814,0.8518518518518519,0.7097038944416935
0.5,2,2,2,1,0.32659961679569527,0.235779446890558,0.18518518518518517,0.8888888888888888,0.7123463750890399
0.5,2,3,5,1,0.32461543539974913,0.23569167458056348,0.2222222222222222,0.8148148148148148,0.7181616542260236
0.5,5,2,3,0.1,0.32270093740681977,0.23547296325074102,0.18518518518518517,0.8148148148148148,0.7071131389336186
0.5,3,5,3,0.1,0.33196799569348595,0.23542979654090765,0.18518518518518517,0.8518518518518519,0.719104707610995
2,2,5,5,0.1,0.32212442604599467,0.23538375205041873,0.14814814814814814,0.8148148148148148,0.7098637817102492
1,3,1,3,0.1,0.32057445096660786,0.2349132349132349,0.1111111111111111,0.8518518518518519,0.7099335878103188
1,5,2,1,0.1,0.33829108436951577,0.2348499237388126,0.18518518518518517,0.8518518518518519,0.7110899831763671
1,3,1,2,0.1,0.3278733249321485,0.2347405680739014,0.14814814814814814,0.8888888888888888,0.7158420981541898
0.5,2,3,3,1,0.3188071550816649,0.2347132291576736,0.2222222222222222,0.8148148148148148,0.7172246317558775
1,3,1,5,0.1,0.32308512112433685,0.23447437336326224,0.1111111111111111,0.8518518518518519,0.710792977120343
2,2,5,3,0.1,0.3200118690314769,0.23408731186508966,0.14814814814814814,0.8148148148148148,0.7073533469292141
0.5,1,5,2,0.1,0.320145976028329,0.23408587297476185,0.18518518518518517,0.9259259259259259,0.7216893362798737
2,2,1,3,0.1,0.3159279718103248,0.23402400069066734,0.1111111111111111,0.8518518518518519,0.7125765802279751
0.5,5,2,2,0.1,0.3204464018189509,0.233895939451495,0.18518518518518517,0.8518518518518519,0.7109741847095328
0.5,3,1,5,0.1,0.31659324698540386,0.23366427810872256,0.1111111111111111,0.8518518518518519,0.7077433698693159
2,3,3,5,0.1,0.32236459981558024,0.23365276698610032,0.18518518518518517,0.8518518518518519,0.7156130557359962
2,3,2,2,0.1,0.3251566153526938,0.23302828858384414,0.18518518518518517,0.8888888888888888,0.7229905022468146
0.5,2,1,1,0.1,0.3253333449411881,0.23296641629974962,0.14814814814814814,0.8518518518518519,0.7135034294839828
0.5,3,2,3,1,0.3284129088050657,0.23278223833779388,0.18518518518518517,0.8518518518518519,0.710969936449197
0.5,3,5,5,0.1,0.31856788817573134,0.2327390716279605,0.14814814814814814,0.8148148148148148,0.7106754954117737
2,2,1,2,0.1,0.30871909499360484,0.23273475495697718,0.18518518518518517,0.8888888888888888,0.7219135007197278
0.5,2,2,5,1,0.31995027485223565,0.2326786382341938,0.18518518518518517,0.8148148148148148,0.705883804240377
1,2,2,3,1,0.3263763106900362,0.23262683818239374,0.2222222222222222,0.8148148148148148,0.7158016295282874
2,2,1,5,0.1,0.31841898116407924,0.23239229905896572,0.1111111111111111,0.8518518518518519,0.711386413257074
2,3,2,3,0.1,0.31611181120985044,0.23168004834671502,0.18518518518518517,0.8148148148148148,0.7114526259909006
1,2,3,1,0.1,0.3088126107733951,0.23165702610147054,0.1111111111111111,0.8518518518518519,0.696413652875951
0.5,1,3,3,0.1,0.3069237951590893,0.23155054821721488,0.18518518518518517,0.8148148148148148,0.7121820519184736
1,2,5,5,0.1,0.31774728539434427,0.23122104233215343,0.14814814814814814,0.8148148148148148,0.707016129664536
0.5,5,2,1,0.1,0.3320315486982154,0.2306498028720251,0.18518518518518517,0.8518518518518519,0.7106616857834693
0.5,2,3,2,1,0.31746528707313026,0.23052893608449163,0.14814814814814814,0.8888888888888888,0.7061538911848952
1,3,2,5,0.1,0.31751262535576263,0.23047425825203602,0.18518518518518517,0.8148148148148148,0.7117189869511449
0.5,3,3,2,0.1,0.3163796261835478,0.23039368039368038,0.18518518518518517,0.8888888888888888,0.7109564354458571
0.5,2,5,5,0.1,0.3154766801825626,0.23030734697401364,0.14814814814814814,0.7777777777777778,0.7045722242349695
0.5,3,1,3,0.1,0.3119435756690659,0.22977351866240756,0.1111111111111111,0.8518518518518519,0.7073709958194229
2,3,3,3,0.1,0.31699255718863567,0.2296310685199574,0.18518518518518517,0.8518518518518519,0.7127118940774214
0.5,1,3,5,0.1,0.3040686256372531,0.2288339232783677,0.18518518518518517,0.8518518518518519,0.7106612438490456
2,1,1,2,0.1,0.3200005150985543,0.22871161760050648,0.18518518518518517,0.8888888888888888,0.7249944046294273
2,2,3,2,0.1,0.31001322569950024,0.228356211689545,0.18518518518518517,0.9259259259259259,0.7177304288302147
2,1,1,3,0.1,0.31324554167691426,0.22780799447466113,0.14814814814814814,0.8518518518518519,0.7204300875129868
0.5,2,2,3,1,0.31322080243648875,0.22773892773892773,0.18518518518518517,0.8148148148148148,0.705785363692058
0.5,3,5,2,0.1,0.3259332896587799,0.22755618866729976,0.2222222222222222,0.8888888888888888,0.734348728997753
0.5,2,3,1,0.1,0.3067924087531931,0.2270353103686437,0.1111111111111111,0.8148148148148148,0.6913560183786951
1,3,3,3,0.1,0.30921435137121417,0.22681516014849348,0.18518518518518517,0.8518518518518519,0.7118129710744198
2,3,2,5,0.1,0.31032906817220546,0.22655328210883766,0.18518518518518517,0.8148148148148148,0.7124348676371208
2,2,2,5,0.1,0.32025871731754085,0.22654033209588764,0.18518518518518517,0.8148148148148148,0.7104151397750483
1,2,5,3,0.1,0.3109885031453659,0.2259403148292037,0.14814814814814814,0.8148148148148148,0.7056307402203981
2,2,2,2,0.1,0.312337952534031,0.22560649227315893,0.2222222222222222,0.9259259259259259,0.7212567802394231
2,2,3,5,0.1,0.3043153288251328,0.22515468071023628,0.14814814814814814,0.8148148148148148,0.7064142167240407
1,3,3,5,0.1,0.30353484569170847,0.22507122507122507,0.14814814814814814,0.8518518518518519,0.702800496333686
2,2,2,1,0.1,0.3082287356797161,0.22481510259288037,0.18518518518518517,0.8148148148148148,0.7062217633454132
0.5,2,5,3,0.1,0.31129154070330545,0.22419494086160754,0.14814814814814814,0.7777777777777778,0.7052350205741689
1,2,3,2,0.1,0.3015814251108369,0.2241819908486575,0.14814814814814814,0.9259259259259259,0.7093050231005834
0.5,2,3,2,0.1,0.3062990023774338,0.22376615154392931,0.14814814814814814,0.8888888888888888,0.7046098546506921
2,2,2,3,0.1,0.3109376462317639,0.22267691156580044,0.14814814814814814,0.8148148148148148,0.7046918174556016
1,3,2,3,0.1,0.30763274488764686,0.2216912716912717,0.14814814814814814,0.7777777777777778,0.701900638531971
2,1,1,5,0.1,0.3039729333846981,0.2207559929782152,0.14814814814814814,0.8518518518518519,0.7182363115492262
1,3,2,2,0.1,0.30844427903251437,0.2206667817778929,0.18518518518518517,0.8888888888888888,0.7145919851497592
1,1,1,5,0.1,0.3006873300990948,0.22042792598348154,0.1111111111111111,0.8148148148148148,0.7072620312646591
1,2,1,5,0.1,0.2964656258773906,0.2202365535698869,0.14814814814814814,0.8148148148148148,0.7099281237864039
1,2,1,2,0.1,0.30494454710140984,0.2201257590146479,0.14814814814814814,0.8888888888888888,0.709947590700329
0.5,1,1,2,0.1,0.3059849010829403,0.22000345333678667,0.14814814814814814,0.8518518518518519,0.7121081579533606
1,3,2,1,0.1,0.3031034325151972,0.21993438660105327,0.14814814814814814,0.8518518518518519,0.6994753596620495
1,1,1,3,0.1,0.29889816066286656,0.2191976747532303,0.1111111111111111,0.8148148148148148,0.7069276628113981
2,1,2,1,0.1,0.30110368933898346,0.21916458027569138,0.18518518518518517,0.8518518518518519,0.7091030291971142
2,1,2,5,0.1,0.3059502226168893,0.21895881895881894,0.18518518518518517,0.8518518518518519,0.7134772458023751
0.5,3,3,5,0.1,0.29394701159407044,0.21883651328095774,0.1111111111111111,0.8148148148148148,0.6940573922187423
2,2,3,3,0.1,0.2986583496387418,0.21798469020691244,0.14814814814814814,0.8148148148148148,0.70328609120938
0.5,3,2,1,0.1,0.30744847019356825,0.21756741201185645,0.1111111111111111,0.8518518518518519,0.6909895203459868
0.5,3,2,2,0.1,0.30481704207194404,0.21737460070793405,0.18518518518518517,0.8518518518518519,0.7119467168867658
0.5,3,2,3,0.1,0.29683450173646253,0.21725805059138392,0.18518518518518517,0.8148148148148148,0.7054759093184276
0.5,3,3,3,0.1,0.3023258876200053,0.2171486949264727,0.14814814814814814,0.8518518518518519,0.7005700971157737
0.5,3,2,5,0.1,0.29909157654255697,0.21700480589369478,0.18518518518518517,0.7407407407407407,0.705503409286043
1,2,1,3,0.1,0.2983549493353415,0.21547958214624882,0.1111111111111111,0.8148148148148148,0.7048691739686654
1,2,3,5,0.1,0.29808785985256575,0.21535152090707646,0.14814814814814814,0.8148148148148148,0.7019622060824161
1,1,1,2,0.1,0.30099236275706864,0.21526087081642636,0.14814814814814814,0.8888888888888888,0.7111887410253488
1,2,2,2,0.1,0.2968591321532498,0.21427954761288096,0.18518518518518517,0.8888888888888888,0.7104508911643985
1,2,2,5,0.1,0.2996353682628193,0.2141241474574808,0.18518518518518517,0.7777777777777778,0.7065261432995572
0.5,1,1,3,0.1,0.2980064597711657,0.2140522029410918,0.1111111111111111,0.8148148148148148,0.7039020265827219
1,2,3,3,0.1,0.2948898233211959,0.21357880802325246,0.14814814814814814,0.8148148148148148,0.700571164193997
0.5,2,1,2,0.1,0.29101033316719593,0.21191257302368413,0.1111111111111111,0.8148148148148148,0.7019882911198877
1,2,2,3,0.1,0.29954410150488586,0.21144781144781144,0.18518518518518517,0.8148148148148148,0.7073293765872544
1,1,2,1,0.1,0.2942027834184697,0.21105931105931106,0.2222222222222222,0.7777777777777778,0.714632148105437
0.5,1,1,5,0.1,0.2903556864341178,0.21091973869751646,0.1111111111111111,0.8148148148148148,0.7017294864563507
2,1,2,2,0.1,0.300294912059618,0.21048663270885493,0.2222222222222222,0.9259259259259259,0.7217524877841688
2,1,2,3,0.1,0.2982053531073139,0.20985208207430428,0.18518518518518517,0.8148148148148148,0.7114033953060717
0.5,2,1,5,0.1,0.28312330371153904,0.2085426918760252,0.1111111111111111,0.8148148148148148,0.6989724294457901
1,2,2,1,0.1,0.2964401974205896,0.20852542519209186,0.2222222222222222,0.7777777777777778,0.7138133287840663
0.5,2,2,5,0.1,0.2905580984012357,0.20796425796425796,0.18518518518518517,0.7407407407407407,0.702113134779136
1,1,2,2,0.1,0.2944076257801748,0.20682897349564014,0.18518518518518517,0.9259259259259259,0.7125509358442196
0.5,1,2,1,0.1,0.29042925121356494,0.20642032864255086,0.18518518518518517,0.7777777777777778,0.7077183300511611
0.5,2,3,3,0.1,0.2853031137344863,0.20511813289591066,0.1111111111111111,0.8148148148148148,0.6918607400773537
0.5,2,3,5,0.1,0.2856270091564209,0.20488359377248266,0.1111111111111111,0.8148148148148148,0.6923018807063402
0.5,1,2,5,0.1,0.29164205438715246,0.2046807102362658,0.18518518518518517,0.8518518518518519,0.7055968317163438
0.5,2,1,3,0.1,0.28526052741739016,0.20381449825894268,0.1111111111111111,0.7777777777777778,0.7007332186329959
0.5,2,2,2,0.1,0.28757712875359936,0.20375694264583155,0.18518518518518517,0.8148148148148148,0.7108448131186456
0.5,2,2,1,0.1,0.28727808139572847,0.20336988114765892,0.18518518518518517,0.7777777777777778,0.7033721744676171
0.5,1,2,2,0.1,0.2900300861085175,0.20315548648881981,0.18518518518518517,0.8888888888888888,0.709504229295424
1,1,2,5,0.1,0.29081318100925946,0.20200581311692423,0.18518518518518517,0.8148148148148148,0.7057055927770938
1,1,2,3,0.1,0.2858670378278222,0.20072376183487295,0.18518518518518517,0.8518518518518519,0.7054224933351
0.5,2,2,3,0.1,0.28456902574549636,0.19888198221531556,0.18518518518518517,0.7777777777777778,0.7020636360098349
0.5,1,2,3,0.1,0.2841700420131793,0.19873089873089872,0.18518518518518517,0.8518518518518519,0.7047272892154356
