season,week,regime,n_active,k_elim,has_elim,share_entropy,share_entropy_norm,share_hhi,status,hit_set,top1,elim_rank,margin
1,1,rank,6,0,0,1.615197339035176,0.9014587988928294,0.22258002978198513,ok,1,,,
1,2,rank,6,1,1,1.6151973412743168,0.9014588001425177,0.22258002843607197,ok,0,0.0,2.0,0.0
1,3,rank,5,1,1,1.4875543868931578,0.9242695076341237,0.24621524595150918,ok,1,1.0,1.0,3.0
1,4,rank,4,1,1,1.2504976714463476,0.9020433946194211,0.31084754460480873,ok,0,0.0,2.0,1.0
1,5,rank,3,0,0,1.0493848757740232,0.9551912777584466,0.36795550334496946,ok,1,,,
1,6,rank,2,0,0,0.6510899654505368,0.9393242643280559,0.5414642201934443,ok,1,,,
2,1,rank,10,1,1,2.1133780601563124,0.917828429701285,0.13790517345180295,ok,1,1.0,1.0,4.0
2,2,rank,9,1,1,2.0183452530088952,0.9185885110823826,0.14912921977365462,ok,1,1.0,1.0,4.0
2,3,rank,8,1,1,1.9459364054182875,0.935797600660753,0.15648344967171238,ok,1,1.0,1.0,3.0
2,4,rank,7,1,1,1.8678038590053703,0.9598613070146833,0.16633178983059804,ok,0,0.0,3.0,0.0
2,5,rank,6,1,1,1.6808420591361126,0.9380958147581444,0.20659594794519057,ok,1,1.0,1.0,3.0
2,6,rank,5,1,1,1.517377519677452,0.9427996618910157,0.2430841535598109,ok,1,1.0,1.0,3.0
2,7,rank,4,1,1,1.2964820665544554,0.935214124009794,0.30051257824680977,ok,1,1.0,1.0,2.0
2,8,rank,3,0,0,1.0406412005936234,0.9472324416243633,0.3742507424755771,ok,1,,,
3,1,percent,11,1,1,2.226845554125906,0.9286667267695775,0.12328704410094046,ok,1,1.0,1.0,9.99999999945489e-07
3,2,percent,10,1,1,2.110571990991571,0.9166097693471988,0.14087905526846067,ok,1,1.0,1.0,9.999999999177334e-07
3,3,percent,9,1,1,2.0141837933540234,0.9166945491734378,0.1519459232577849,ok,1,1.0,1.0,1.000000000001e-06
3,4,percent,8,1,1,1.9042533145195875,0.9157522711512602,0.16602524914153283,ok,1,1.0,1.0,0.029053710942456595
3,5,percent,7,2,1,1.7772706678754593,0.9133364501635783,0.18822726334937978,ok,1,0.0,1.5,0.03710163819584805
3,6,percent,5,0,0,1.487719246013976,0.9243719403651689,0.25229918425839065,ok,1,,,
3,7,percent,5,1,1,1.4384304006666104,0.8937470588667447,0.2800523891006401,ok,1,1.0,1.0,1.0000000000287557e-06
3,8,percent,4,1,1,1.1573561008914712,0.8348559536493562,0.38054444250434344,ok,1,1.0,1.0,0.013442859711126964
3,9,percent,3,0,0,0.9282610420889652,0.8449396130588818,0.44716667276003247,ok,1,,,
3,10,percent,2,0,0,0.6294793141047386,0.9081466848010925,0.5623047399245957,ok,1,,,
4,1,percent,11,0,0,2.2122637236539,0.9225856311364939,0.12429714586605593,ok,1,,,
4,2,percent,11,1,1,2.2033897249192487,0.9188848862226865,0.12594175819265674,ok,1,1.0,1.0,0.0023760586143915796
4,3,percent,10,1,1,2.130865239632437,0.9254230152518177,0.1345720963959303,ok,1,1.0,1.0,0.02900596633915778
4,4,percent,9,1,1,2.0436574396214735,0.9301085836656162,0.14662433205996145,ok,1,1.0,1.0,0.04318118993718091
4,5,percent,8,1,1,1.9508422444375892,0.9381568105356017,0.15953618566830383,ok,1,1.0,1.0,1.0000000000287557e-06
4,6,percent,7,1,1,1.8166761034303263,0.9335868381755824,0.1788240342358127,ok,1,1.0,1.0,0.05320572049920508
4,7,percent,6,1,1,1.6941058721820672,0.9454984897676807,0.2000665061705531,ok,1,1.0,1.0,0.07205167772005855
4,8,percent,5,1,1,1.5640613355492747,0.9718059475707277,0.2201934520925468,ok,1,1.0,1.0,1.0000000000842668e-06
4,9,percent,4,1,1,1.3148115482538771,0.9484360501847043,0.28800099684399644,ok,1,1.0,1.0,0.06597007001968419
4,10,percent,3,0,0,1.092038780166394,0.9940165347051733,0.33759555390668616,ok,1,,,
5,1,percent,12,1,1,2.3036347704225024,0.9270508293013892,0.11683836581065124,ok,1,1.0,1.0,1.0000000000148779e-06
5,2,percent,11,1,1,2.2207910682306635,0.9261418100378401,0.12604786488444278,ok,1,1.0,1.0,0.01699028611559844
5,3,percent,10,1,1,2.1395999837609305,0.9292164664276592,0.13750204522910353,ok,1,1.0,1.0,9.999999999732445e-07
5,4,percent,9,1,1,2.021739979634562,0.9201335177515608,0.1537107527486759,ok,1,1.0,1.0,0.004439097167037498
5,5,percent,8,1,1,1.9072014126286057,0.9171700066585717,0.1700576147696126,ok,1,1.0,1.0,9.999999999177334e-07
5,6,percent,7,1,1,1.7640408035184172,0.9065376448007177,0.1943036750055968,ok,1,1.0,1.0,0.006616359607130112
5,7,percent,6,1,1,1.5955794572033937,0.8905098505720851,0.23903436400054284,ok,1,1.0,1.0,0.04206446950118889
5,8,percent,5,1,1,1.4392409797895145,0.8942506999930296,0.27121745386307217,ok,1,1.0,1.0,0.030147253216474212
5,9,percent,4,1,1,1.2868639562317756,0.9282761239771674,0.2913066805502766,ok,1,1.0,1.0,0.19437351288607385
5,10,percent,3,0,0,1.0791300763882232,0.9822665261613762,0.3456443858269414,ok,1,,,
6,1,percent,12,0,0,2.2354934703333815,0.8996287528644598,0.13360219337793644,ok,1,,,
6,2,percent,12,2,1,2.23496200908637,0.8994148771250807,0.13495168553853917,ok,1,0.0,1.5,9.999999999871223e-07
6,3,percent,10,1,1,2.06574322606665,0.8971408841097678,0.15557226202591315,ok,1,1.0,1.0,1.000000000001e-06
6,4,percent,9,1,1,1.9684798917995239,0.8958938071710395,0.1693914387942041,ok,1,1.0,1.0,9.99999999945489e-07
6,5,percent,8,1,1,1.8474519455556744,0.8884365867112797,0.18806387814000475,ok,1,1.0,1.0,0.019923252613768178
6,6,percent,7,1,1,1.7366688534193688,0.8924712450173892,0.20395278414850668,ok,1,1.0,1.0,0.007800054325797556
6,7,percent,6,1,1,1.6130016962997713,0.9002333873500901,0.22307390916149414,ok,1,1.0,1.0,0.014009150912911494
6,8,percent,5,1,1,1.4674940624766943,0.9118053272755758,0.252956425420432,ok,1,1.0,1.0,0.10786745885171595
6,9,percent,4,1,1,1.2856999777755318,0.9274364910039051,0.30059331703148906,ok,1,1.0,1.0,0.08049992284403534
6,10,percent,3,0,0,1.0879455590551386,0.9902907242864515,0.340462677414122,ok,1,,,
7,1,percent,13,2,1,2.396692704265188,0.9344015690965268,0.10223803245199302,ok,1,0.0,1.5,9.999999999871223e-07
7,2,percent,11,2,1,2.240289350925673,0.934273225498806,0.11875035645647036,ok,1,0.0,1.5,0.01555989976998673
7,3,percent,9,0,0,2.071439485646526,0.9427527377095937,0.13699000417921028,ok,1,,,
7,4,percent,9,1,1,2.0513475395395426,0.9336084989666694,0.14098728518317813,ok,1,1.0,1.0,9.99999999945489e-07
7,5,percent,8,1,1,1.9379289281140906,0.931946818061821,0.15684775432708659,ok,1,1.0,1.0,0.04439285005597454
7,6,percent,7,1,1,1.8129174430145334,0.9316552688183757,0.1809233085094862,ok,1,1.0,1.0,9.999999999732445e-07
7,7,percent,6,1,1,1.6212127140334949,0.9048160436020819,0.2221900496403527,ok,1,1.0,1.0,0.03551645118795016
7,8,percent,5,1,1,1.4391787930574667,0.8942120612039423,0.2660680018448158,ok,1,1.0,1.0,0.042940555017801696
7,9,percent,4,1,1,1.2287468520320064,0.8863534949672504,0.3245303730494924,ok,1,1.0,1.0,0.005201405016504346
7,10,percent,3,0,0,0.9832417945528125,0.8949852506609357,0.39846246158396087,ok,1,,,
8,1,percent,13,0,0,2.3591667500599836,0.9197712786013011,0.10981856458172398,ok,1,,,
8,2,percent,13,1,1,2.353781010171374,0.9176715334843295,0.11085524778558672,ok,1,1.0,1.0,0.007458492395000335
8,3,percent,12,1,1,2.294351091748991,0.9233148021655998,0.11744996415301989,ok,1,1.0,1.0,0.020740728925028762
8,4,percent,11,2,1,2.2193813827273163,0.9255539255212232,0.12848691323703465,ok,1,0.0,1.5,9.99999999945489e-07
8,5,percent,9,1,1,2.0166084473505794,0.9177980567627693,0.15707506844443667,ok,1,1.0,1.0,0.033880571165992884
8,6,percent,8,1,1,1.8802697904683228,0.9042186340806599,0.18421954563168033,ok,1,1.0,1.0,9.999999999177334e-07
8,7,percent,7,1,1,1.7335193556435156,0.890852723331081,0.2097595191746754,ok,1,1.0,1.0,0.0012742388379231306
8,8,percent,6,1,1,1.6204955298409727,0.9044157754830406,0.21936273401972728,ok,1,1.0,1.0,0.010723783068515208
8,9,percent,5,1,1,1.4970213912701265,0.930151688179163,0.23555844853424512,ok,1,1.0,1.0,0.14114948046551995
8,10,percent,4,1,1,1.3356674682828962,0.9634804163842255,0.2753277164570599,ok,1,1.0,1.0,0.03395156033698177
8,11,percent,3,0,0,1.0911150561576195,0.9931757248778097,0.3382355627670692,ok,1,,,
9,1,percent,16,2,1,2.461676580274127,0.8878621486584964,0.11253397798160086,ok,1,0.0,1.5,0.011293161080839664
9,2,percent,14,1,1,2.366544259899393,0.8967384805711688,0.12009340561215762,ok,1,1.0,1.0,0.004438749193363956
9,3,percent,13,2,1,2.3005321653145705,0.8969113400318153,0.1260263200494498,ok,1,0.0,1.5,0.006626362992631085
9,4,percent,11,1,1,2.1684366566791993,0.9043083245869238,0.138547591598649,ok,1,1.0,1.0,1.0000000000148779e-06
9,5,percent,10,1,1,2.0735219733248393,0.9005191511201194,0.15039809338786064,ok,1,1.0,1.0,0.023639822629924187
9,6,percent,9,2,1,1.9680546057869643,0.8957002511654558,0.16808008510562616,ok,1,0.0,1.5,0.017459616307762105
9,7,percent,7,2,1,1.7509118129925147,0.8997906783324683,0.2020073323981622,ok,1,0.0,1.5,9.999999999732445e-07
9,8,percent,5,1,1,1.4685455650417591,0.9124586625530297,0.2527380717535044,ok,1,1.0,1.0,0.02907442666227239
9,9,percent,4,1,1,1.2729475104082288,0.9182375302889519,0.2983709900773781,ok,1,1.0,1.0,0.16138881771383623
9,10,percent,3,0,0,1.0004782956136649,0.9106745900563187,0.40342746759249865,ok,1,,,
10,1,percent,11,0,0,2.2354533074183505,0.9322564387099156,0.11815600061174658,ok,1,,,
10,2,percent,11,1,1,2.222726295197707,0.926948862367855,0.1206191716388487,ok,1,1.0,1.0,0.028686616067875065
10,3,percent,10,1,1,2.141727675171506,0.9301405110664652,0.1319097754793463,ok,1,1.0,1.0,9.99999999945489e-07
10,4,percent,9,1,1,2.027250611325087,0.9226415143156652,0.14799491157231237,ok,1,1.0,1.0,0.014233859538741261
10,5,percent,8,1,1,1.9311985142602928,0.9287101731651529,0.1615065758306894,ok,1,1.0,1.0,9.999999999732445e-07
10,6,percent,7,1,1,1.7831820359407724,0.9163742924134802,0.18628082082660502,ok,1,1.0,1.0,0.02693124127786603
10,7,percent,6,1,1,1.6528918383347122,0.9224964995144291,0.20919149130440295,ok,1,1.0,1.0,0.07193742127013159
10,8,percent,5,1,1,1.4889769319700255,0.9251533845863674,0.2502918380162239,ok,1,1.0,1.0,0.07319384467907503
10,9,percent,4,1,1,1.2849628049916584,0.9269047332441189,0.30390084892617575,ok,1,1.0,1.0,0.03387480540279664
10,10,percent,3,0,0,1.0834743849620334,0.9862208862378296,0.3435267921809101,ok,1,,,
11,1,percent,12,1,1,2.169390545297378,0.873026978893738,0.15501415992638473,ok,1,1.0,1.0,0.01068061635644564
11,2,percent,11,1,1,2.098946810617779,0.875328807904227,0.1638965943431356,ok,1,1.0,1.0,0.007142215438890917
11,3,percent,10,1,1,2.014939081395717,0.875076924421367,0.17454399493971276,ok,1,1.0,1.0,0.019172097146456818
11,4,percent,9,1,1,1.9333486835936227,0.8799049052771365,0.18360300649789502,ok,1,1.0,1.0,1.0000000000287557e-06
11,5,percent,8,1,1,1.8385619137158813,0.8841613850950748,0.19433385529278036,ok,1,1.0,1.0,9.999999999732445e-07
11,6,percent,7,1,1,1.7372670125322753,0.8927786379939853,0.20403068580851857,ok,1,1.0,1.0,1.000000000001e-06
11,7,percent,6,1,1,1.6140886034126047,0.9008400017598365,0.22306463749204125,ok,1,1.0,1.0,0.045092395102604876
11,8,percent,5,1,1,1.4645460801117456,0.9099736428457675,0.25132074804537097,ok,1,1.0,1.0,0.05090410804976714
11,9,percent,4,1,1,1.2786930862650918,0.9223820871868258,0.2940329166288813,ok,1,1.0,1.0,0.17370871736621685
11,10,percent,3,0,0,1.0970941796810738,0.9986181576497051,0.33435162769866267,ok,1,,,
12,1,percent,11,0,0,2.1733103886814757,0.9063408286989941,0.1405373951685433,ok,1,,,
12,2,percent,11,1,1,2.1833126315513045,0.9105120879626049,0.13994782569913694,ok,1,1.0,1.0,1.0000000000287557e-06
12,3,percent,10,1,1,2.1095561531400526,0.916168596573776,0.14964194839519296,ok,1,1.0,1.0,1.000000000001e-06
12,4,percent,9,1,1,1.9611021650454183,0.8925360590235789,0.17786377146707238,ok,1,1.0,1.0,9.999999999732445e-07
12,5,percent,8,1,1,1.8198680306269939,0.8751715276193095,0.20459693928608727,ok,1,1.0,1.0,0.01880552979066169
12,6,percent,7,1,1,1.6911640521431033,0.8690864030716514,0.23129860958614776,ok,1,1.0,1.0,0.05398414131405205
12,7,percent,6,1,1,1.5550157717769153,0.8678708266834855,0.26265434550883077,ok,1,1.0,1.0,1.0000000000842668e-06
12,8,percent,5,1,1,1.4098439066098578,0.8759852714527036,0.2908854299135108,ok,1,1.0,1.0,0.07981534630069181
12,9,percent,4,1,1,1.2472654817416597,0.8997118625903383,0.3264142318445323,ok,1,1.0,1.0,0.13408051023215956
12,10,percent,3,0,0,1.0795206615681323,0.9826220521134685,0.34656650124225685,ok,1,,,
13,1,percent,12,1,1,2.3289211213378302,0.937226805496505,0.10843598460489728,ok,1,1.0,1.0,9.999999999593667e-07
13,2,percent,11,1,1,2.2403094602200335,0.934281611725923,0.11774646890437779,ok,1,1.0,1.0,9.999999999871223e-07
13,3,percent,10,1,1,2.154571694990697,0.9357185979993957,0.12666688816839078,ok,1,1.0,1.0,0.010308743342838836
13,4,percent,9,1,1,2.057874932572949,0.9365792435599781,0.13979210168734754,ok,1,1.0,1.0,0.039198081040052304
13,5,percent,8,1,1,1.929087830029323,0.9276951486075187,0.16322877873239816,ok,1,1.0,1.0,0.04250409269493219
13,6,percent,7,1,1,1.7814695451924278,0.9154942462565824,0.19272756052535434,ok,1,1.0,1.0,1.0000000000842668e-06
13,7,percent,6,1,1,1.6024955835856398,0.894369814200588,0.23552612234058243,ok,1,1.0,1.0,0.06421526805458805
13,8,percent,5,1,1,1.3767661394647044,0.8554328991681915,0.31588283294557934,ok,1,1.0,1.0,0.00991315059092851
13,9,percent,4,1,1,1.1293363796702067,0.8146439972228514,0.4022888076786214,ok,1,1.0,1.0,0.059664481289550486
13,10,percent,3,0,0,0.8786307454995805,0.7997641702740997,0.49195650775344973,ok,1,,,
14,1,percent,12,0,0,2.283666601328869,0.9190150469128086,0.12172244345282725,ok,1,,,
14,2,percent,12,1,1,2.283104476344035,0.9187888311775487,0.1223932625753911,ok,1,1.0,1.0,1.0000000000287557e-06
14,3,percent,11,1,1,2.1950865621641094,0.915422198402526,0.13198024886861107,ok,1,1.0,1.0,0.0023590483326250966
14,4,percent,10,1,1,2.111590286175965,0.9170520093267298,0.14221231220044736,ok,1,1.0,1.0,0.01382963169994575
14,5,percent,9,1,1,2.0229890808214552,0.920702008200729,0.15370647648229596,ok,1,1.0,1.0,9.99999999945489e-07
14,6,percent,8,1,1,1.9160629708199635,0.921431515344312,0.1653978379368941,ok,1,1.0,1.0,9.99999999945489e-07
14,7,percent,7,1,1,1.7871927836704244,0.9184354090234116,0.18414592910572408,ok,1,1.0,1.0,0.027842437903030592
14,8,percent,6,2,1,1.6441590632011036,0.9176226449130797,0.21289310851282392,ok,1,0.0,1.5,1.0000000000287557e-06
14,9,percent,4,1,1,1.2891615124029672,0.9299334604243383,0.2985485467016438,ok,1,1.0,1.0,0.05737805673854951
14,10,percent,3,0,0,1.0890725712102913,0.9913165749589568,0.3397375753199388,ok,1,,,
15,1,percent,13,1,1,2.4043663544501452,0.9373933046497588,0.105774904152058,ok,1,1.0,1.0,9.999999999177334e-07
15,2,percent,12,1,1,2.297274285633603,0.9244911819241156,0.11946928816309822,ok,1,1.0,1.0,9.99999999945489e-07
15,3,percent,11,2,1,2.2113652283028262,0.922210929471552,0.1278542179028259,ok,1,0.0,1.5,9.999999999732445e-07
15,4,percent,9,1,1,2.0586148983344117,0.9369160164912002,0.14080158947684038,ok,1,1.0,1.0,9.999999999177334e-07
15,5,percent,8,0,0,1.956463712165455,0.9408601650734381,0.15218541721053835,ok,1,,,
15,6,percent,8,1,1,1.9260356545059754,0.9262273624437,0.15969696559124827,ok,1,1.0,1.0,0.009841039287166231
15,7,percent,7,0,0,1.796120297389547,0.9230232435251519,0.18526003718782397,ok,1,,,
15,8,percent,7,2,1,1.7180332845249413,0.8828944570534256,0.2111829292784112,ok,1,0.0,1.5,0.00016427767351578915
15,9,percent,5,2,1,1.3615013265342313,0.8459483376249713,0.3144839774282956,ok,1,0.0,1.5,0.102622773011662
15,10,percent,3,0,0,0.9330371963383307,0.8492870560090747,0.45254339514602615,ok,1,,,
16,1,percent,12,0,0,2.292744234350034,0.9226681551782395,0.1149576746471592,ok,1,,,
16,2,percent,12,1,1,2.2859084559331064,0.9199172355742734,0.11596026079065543,ok,1,1.0,1.0,0.028491311053625915
16,3,percent,11,1,1,2.2225038074656696,0.9268560777769008,0.12246584527018338,ok,1,1.0,1.0,0.021307298384559845
16,4,percent,10,1,1,2.139764639440209,0.9292879754805838,0.1320002270602852,ok,1,1.0,1.0,0.03530678797248654
16,5,percent,9,1,1,2.03841494695965,0.9277226224325688,0.1481713666874756,ok,1,1.0,1.0,1.0000000000287557e-06
16,6,percent,8,1,1,1.912058079509104,0.9195055697331533,0.1683326280111907,ok,1,1.0,1.0,0.04861642625674584
16,7,percent,7,1,1,1.7720181538027806,0.9106371918883549,0.19786502416384263,ok,1,1.0,1.0,0.021237370467405592
16,8,percent,6,1,1,1.6263414894728525,0.9076784676759824,0.2271644797223424,ok,1,1.0,1.0,0.07126144324808437
16,9,percent,5,1,1,1.4888542474540045,0.925077156410634,0.25733199851949345,ok,1,1.0,1.0,1.0000000000842668e-06
16,10,percent,4,1,1,1.3621567756107098,0.9825884125434358,0.262982949844135,ok,1,1.0,1.0,9.999999999732445e-07
17,1,percent,12,0,0,2.216037864153776,0.8917992409665921,0.14295814704575802,ok,1,,,
17,2,percent,12,1,1,2.2160722104504917,0.8918130629331914,0.14312265944828037,ok,1,1.0,1.0,0.007208202000916514
17,3,percent,11,1,1,2.1543360123324624,0.8984278991543814,0.1489337436093132,ok,1,1.0,1.0,9.999999999732445e-07
17,4,percent,10,1,1,2.0680976251233205,0.8981633866282779,0.1589938088538321,ok,1,1.0,1.0,1.0000000000287557e-06
17,5,percent,9,1,1,1.9786529035421423,0.9005237443415729,0.16649963152858852,ok,1,1.0,1.0,0.009191484844799536
17,6,percent,8,0,0,1.896428527139689,0.9119893438349301,0.17350144463633313,ok,1,,,
17,7,percent,8,1,1,1.883017368902109,0.905539940007619,0.17419276946108675,ok,1,1.0,1.0,0.017749085862792557
17,8,percent,7,1,1,1.78892365576896,0.9193249013257031,0.18390095601167944,ok,1,1.0,1.0,0.006306559794608646
17,9,percent,6,1,1,1.669559844450938,0.931799090851316,0.2010877935351618,ok,1,1.0,1.0,0.03638975515314158
17,10,percent,5,1,1,1.5326782916959978,0.9523065660718705,0.22402394687290403,ok,1,1.0,1.0,0.1673852307808828
17,11,percent,4,1,1,1.362934270584718,0.9831492566150947,0.2606330487183702,ok,1,1.0,1.0,0.14755785706936542
18,1,percent,12,0,0,2.26375311080104,0.9110012687978326,0.12878697485323196,ok,1,,,
18,2,percent,11,2,1,2.194371433448735,0.9151239665641773,0.1387004908835374,ok,0,0.0,4.0,0.0001355672067550051
18,3,percent,9,0,0,1.9750711930409515,0.8988936376432702,0.1747541399769521,ok,1,,,
18,4,percent,9,0,0,1.9381571998976304,0.8820933553580278,0.18496420360736454,ok,1,,,
18,5,percent,9,1,1,1.921682822454907,0.8745955430667162,0.1887051155918005,ok,1,1.0,1.0,0.026526401292434693
18,6,percent,8,1,1,1.8387776037377122,0.8842651100700297,0.19715969915823656,ok,1,1.0,1.0,9.99999999945489e-07
18,7,percent,7,1,1,1.7528875106584791,0.9008059860880312,0.19874805629576414,ok,1,1.0,1.0,9.999999999177334e-07
18,8,percent,6,1,1,1.655586982226932,0.9240006879607617,0.20405039477773218,ok,1,1.0,1.0,0.040272848223651764
18,9,percent,5,1,1,1.52314616910011,0.9463839253025403,0.22674519650761815,ok,1,1.0,1.0,0.15224695667648375
18,10,percent,4,1,1,1.3850725228967184,0.9991186300273305,0.2506011518685403,ok,1,1.0,1.0,1.000000000139778e-06
19,1,percent,13,1,1,2.306195122243276,0.8991191641014141,0.12515689747258232,ok,1,1.0,1.0,9.99999999945489e-07
19,2,percent,12,1,1,2.241734842674225,0.9021404658663852,0.1304355356997647,ok,1,1.0,1.0,0.0038565969115570004
19,3,percent,11,1,1,2.1692244705922703,0.9046368685070891,0.13900962082202425,ok,1,1.0,1.0,0.02359082895763362
19,4,percent,10,1,1,2.0847339195126966,0.905388437480902,0.15010256532000496,ok,1,1.0,1.0,1.0000000000981446e-06
19,5,percent,9,0,0,2.006566822471714,0.9132279163308618,0.15846703946789475,ok,1,,,
19,6,percent,9,1,1,1.9935879550004234,0.9073209791860818,0.16026037546051466,ok,1,1.0,1.0,0.003967056610165887
19,7,percent,8,1,1,1.9145361647854398,0.9206972768461765,0.16841832072863586,ok,1,1.0,1.0,0.03004658952528058
19,8,percent,7,1,1,1.8236011178673417,0.9371455916156513,0.1776233839297331,ok,1,1.0,1.0,1.000000000001e-06
19,9,percent,6,1,1,1.67402318575766,0.9342901290645226,0.20245677781307286,ok,1,1.0,1.0,0.10837959978804956
19,10,percent,5,1,1,1.4413560566175931,0.8955648711155925,0.28205113245887325,ok,1,1.0,1.0,1.0000000000287557e-06
19,11,percent,4,1,1,1.170333962533508,0.844217501965511,0.3774063114034164,ok,1,1.0,1.0,9.999999999177334e-07
20,1,percent,12,0,0,2.2580979891091673,0.9087254804126411,0.12461638392231977,ok,1,,,
20,2,percent,12,1,1,2.2481239768432197,0.9047116426023563,0.12674971010581626,ok,1,1.0,1.0,0.012883750255996446
20,3,percent,11,1,1,2.1738319507183843,0.9065583369625222,0.13674137471921893,ok,1,1.0,1.0,1.0000000000842668e-06
20,4,percent,10,1,1,2.084075361515761,0.9051024293768195,0.14787412729374794,ok,1,1.0,1.0,0.012245899954667155
20,5,percent,9,1,1,1.9943498114831493,0.9076677150139003,0.1601074119313347,ok,1,1.0,1.0,0.007002413116495826
20,6,percent,8,1,1,1.8881327665381114,0.9079999262748308,0.1762312287189538,ok,1,1.0,1.0,1.000000000001e-06
20,7,percent,7,1,1,1.7570867758139697,0.9029639814906087,0.19980688583128411,ok,1,1.0,1.0,0.03149786885436234
20,8,percent,6,2,1,1.5943013336088645,0.8897965162119325,0.23816502773838102,ok,1,0.0,1.5,1.0000000000565112e-06
20,9,percent,4,1,1,1.271378317212091,0.9171055966678195,0.2986510881470166,ok,1,1.0,1.0,0.1867927523986782
20,10,percent,3,0,0,1.0013972479746547,0.9115110565426929,0.4027739515822629,ok,1,,,
21,1,percent,13,0,0,2.3010299389052795,0.8971054076414782,0.13032249861184006,ok,1,,,
21,2,percent,13,3,1,2.2950830825964386,0.8947868993670199,0.13229907652624873,ok,1,0.0,2.0,9.999999999316111e-07
21,3,percent,10,0,0,2.0750601175714887,0.9011871586788104,0.15602289493596236,ok,1,,,
21,4,percent,10,1,1,2.0617652567484943,0.8954132739857122,0.1590856024264042,ok,1,1.0,1.0,0.002148099660884195
21,5,percent,9,0,0,1.9718896077087331,0.8974456357571474,0.1709755198938836,ok,1,,,
21,6,percent,9,1,1,1.962346447115624,0.8931023561982238,0.17525886322168724,ok,1,1.0,1.0,1.000000000001e-06
21,7,percent,8,1,1,1.8238102910017724,0.8770673541168381,0.20139780878313135,ok,1,1.0,1.0,0.0009179766228112896
21,8,percent,7,1,1,1.7300756574390328,0.8890830125321756,0.20767810898562772,ok,1,1.0,1.0,0.03221381537683926
21,9,percent,6,2,1,1.6243270471677627,0.9065541860189374,0.2165390144415964,ok,1,0.0,1.5,0.1319515567694467
21,10,percent,4,0,0,1.3833407123502401,0.9978693927837488,0.25151688948042517,ok,1,,,
21,11,percent,4,1,1,1.385558391937729,0.9994691104553242,0.2503733268565328,ok,1,1.0,1.0,1.0000000000287557e-06
22,1,percent,12,0,0,2.3838786192865236,0.9593433296538137,0.10002595684314501,ok,1,,,
22,2,percent,12,1,1,2.3999074964290896,0.9657938243409818,0.09826703029520276,ok,1,1.0,1.0,1.000000000001e-06
22,3,percent,11,1,1,2.300026793016398,0.9591856738314684,0.10973299082938356,ok,1,1.0,1.0,9.99999999945489e-07
22,4,percent,10,1,1,2.156938542037527,0.9367465066113431,0.13018879256160287,ok,1,1.0,1.0,0.018133580052467874
22,5,percent,9,0,0,2.0451756627389877,0.9307995567837828,0.14643731102110796,ok,1,,,
22,6,percent,9,1,1,2.027957039785553,0.922963023763426,0.1528742417099689,ok,1,1.0,1.0,1.0000000000287557e-06
22,7,percent,8,2,1,1.863585345426321,0.8961951120399664,0.1830194714708026,ok,1,0.0,1.5,1.0000000000287557e-06
22,8,percent,6,1,1,1.624183898619261,0.9064742932928432,0.2152482054950015,ok,1,1.0,1.0,1.0000000000565112e-06
22,9,percent,5,2,1,1.4742524471365093,0.9160045477659106,0.24280156937757527,ok,1,0.0,1.5,0.04664130501794661
22,10,percent,3,0,0,1.0965550630240912,0.9981274325207916,0.3347240396251358,ok,1,,,
23,1,percent,13,0,0,2.359463344042917,0.9198869120667615,0.1106471331526017,ok,1,,,
23,2,percent,13,1,1,2.357550467793088,0.9191411366212291,0.11110691214197706,ok,1,1.0,1.0,0.025239109867681492
23,3,percent,12,1,1,2.300208772092833,0.9256721061489674,0.1165187251651901,ok,1,1.0,1.0,9.999999999593667e-07
23,4,percent,11,2,1,2.209643043866322,0.921492722777523,0.12552997409789665,ok,1,0.0,1.5,0.023013363721598068
23,5,percent,9,0,0,2.048530561482921,0.9323264370028275,0.14228776993627767,ok,1,,,
23,6,percent,9,1,1,2.0275877892176872,0.9227949705877633,0.14652680988083955,ok,1,1.0,1.0,1.000000000001e-06
23,7,percent,8,1,1,1.9217172242920013,0.9241506364923248,0.16247590687261299,ok,1,1.0,1.0,0.027915040149451703
23,8,percent,7,1,1,1.7928999714551095,0.9213683233655542,0.18942060168441363,ok,1,1.0,1.0,1.0000000000842668e-06
23,9,percent,6,1,1,1.6578302415035044,0.9252526748011264,0.21347229168940826,ok,1,1.0,1.0,0.03708840628716825
23,10,percent,5,1,1,1.5410439181615596,0.9575044220444004,0.2260820261330291,ok,1,1.0,1.0,0.07116811840580273
23,11,percent,4,1,1,1.3677891285912727,0.9866512964002329,0.2591967704172059,ok,1,1.0,1.0,0.016121163288879248
24,1,percent,12,0,0,2.230668932045627,0.8976872158299936,0.13553052496138082,ok,1,,,
24,2,percent,12,1,1,2.2312089835126394,0.8979045485282092,0.13590207861543357,ok,1,1.0,1.0,1.000000000001e-06
24,3,percent,11,1,1,2.1532775201381096,0.8979864736232666,0.14423687915662264,ok,1,1.0,1.0,0.004088427515087742
24,4,percent,10,1,1,2.0745402107688036,0.9009613660233003,0.15300575581504272,ok,1,1.0,1.0,1.000000000001e-06
24,5,percent,9,1,1,1.9767929938706472,0.8996772629710842,0.16523553887684178,ok,1,1.0,1.0,9.999999999732445e-07
24,6,percent,8,1,1,1.8675920476118824,0.898121928497776,0.18155828558236622,ok,1,1.0,1.0,1.000000000001e-06
24,7,percent,7,2,1,1.7254092153909182,0.8866849356988851,0.21147749585266726,ok,1,0.0,1.5,0.02629657536820157
24,8,percent,5,1,1,1.444929482166223,0.8977851652450041,0.2684456880520302,ok,1,1.0,1.0,0.0012269226768902852
24,9,percent,4,1,1,1.2581831748445453,0.9075873134390786,0.3050177249804449,ok,1,1.0,1.0,0.17987045016766462
24,10,percent,3,0,0,0.994111264098387,0.9048790682139434,0.4080719597988352,ok,1,,,
25,1,percent,13,0,0,2.322750525616967,0.9055736398303522,0.12158556835444068,ok,1,,,
25,2,percent,13,2,1,2.3150301449637465,0.9025636854112672,0.12400150289147882,ok,1,0.0,1.5,9.99999999945489e-07
25,3,percent,11,0,0,2.1609945425584622,0.9012047219379007,0.14327282908779182,ok,1,,,
25,4,percent,11,1,1,2.1388441188534006,0.8919672777691185,0.14855645686849497,ok,1,1.0,1.0,1.000000000001e-06
25,5,percent,10,1,1,2.0541425478449997,0.8921027735717697,0.1597998729040948,ok,1,1.0,1.0,9.999999999732445e-07
25,6,percent,9,1,1,1.9659525436343044,0.8947435614513765,0.1720524212947949,ok,1,1.0,1.0,1.000000000001e-06
25,7,percent,8,2,1,1.8473939038667615,0.8884086745590265,0.19032656041765766,ok,1,0.0,1.5,0.04804718190197352
25,8,percent,6,1,1,1.6307172139846453,0.9101206060248748,0.2262091792335921,ok,1,1.0,1.0,0.0193537354313687
25,9,percent,5,1,1,1.502267368121415,0.9334111968627596,0.2407295125917378,ok,1,1.0,1.0,0.0845885111480934
25,10,percent,4,1,1,1.3612527329208597,0.9819362835907365,0.26344920067472194,ok,1,1.0,1.0,9.999999999177334e-07
26,1,percent,10,2,1,2.0899803278456255,0.9076669236697043,0.14833469220206158,ok,1,0.0,1.5,1.000000000001e-06
26,2,percent,8,2,1,1.8756544394289294,0.9019991193951618,0.1785467569066636,ok,1,0.0,1.5,9.999999999732445e-07
26,3,percent,6,3,1,1.582347881774324,0.8831251677191069,0.23171069623886115,ok,1,0.0,2.0,0.14661012892444814
26,4,percent,3,0,0,1.0959909538343489,0.9976139582081874,0.33506184563956715,ok,1,,,
27,1,percent,13,1,1,2.3270528000712645,0.9072509729292619,0.11759804638358672,ok,1,1.0,1.0,0.006584911164701987
27,2,percent,12,1,1,2.28488289839156,0.919504520858558,0.11751795113525307,ok,1,1.0,1.0,0.004755735180480128
27,3,percent,11,1,1,2.2314443223403644,0.9305845620756589,0.1189927273594383,ok,1,1.0,1.0,0.013362958010452106
27,4,percent,10,1,1,2.154835316575309,0.9358330873989034,0.1263530362780514,ok,1,1.0,1.0,0.021398597950382098
27,5,percent,9,0,0,2.0574971135822837,0.936407290727044,0.13977796969597722,ok,1,,,
27,6,percent,9,1,1,2.0227068753322652,0.9205735709476138,0.14659057532480887,ok,1,1.0,1.0,0.005764841892739514
27,7,percent,8,2,1,1.9101772218525641,0.9186010683952506,0.16275928484997138,ok,1,0.0,1.5,0.012564473102863183
27,8,percent,6,2,1,1.6772170638475172,0.9360726663663811,0.19763010555688856,ok,1,0.0,1.5,0.1206783675147261
27,9,percent,4,0,0,1.3612581776618566,0.981940211141154,0.2613401176133354,ok,1,,,
28,1,bottom,12,0,0,2.207904730446406,0.8885262271863505,0.14362193323328443,ok,1,,,
28,2,bottom,12,2,1,2.327496540148912,0.9366535118522388,0.10683760683760683,ok,0,0.0,2.5,6.0
28,3,bottom,10,0,0,2.1981910853909463,0.9546622585542077,0.11974429178561075,ok,1,,,
28,4,bottom,10,1,1,2.151281720651836,0.9342897802984251,0.12727272727272732,ok,1,1.0,1.0,6.0
28,5,bottom,9,0,0,2.1118738678864073,0.9611552181191755,0.12907346355460408,ok,1,,,
28,6,bottom,9,1,1,2.0498407203926647,0.9329227160192091,0.14074074074074078,ok,1,0.0,2.0,0.0
28,7,bottom,8,1,1,1.9367978710680962,0.9314028945980816,0.15740740740740744,ok,1,1.0,1.0,2.0
28,8,bottom,7,1,1,1.809117864013425,0.9297026714680031,0.1785714285714286,ok,1,1.0,1.0,2.0
28,9,bottom,6,1,1,1.6623769591928224,0.9277902462594633,0.20634920634920637,ok,1,1.0,1.0,5.0
28,10,bottom,5,1,1,1.4897503188505912,0.925633916873193,0.2444444444444445,ok,1,1.0,1.0,4.0
28,11,bottom,4,0,0,1.3494583259904058,0.9734284173963403,0.2680424277990735,ok,1,,,
29,1,bottom,15,0,0,2.412030512691334,0.890688995244478,0.11898766971951791,ok,1,,,
29,2,bottom,15,1,1,2.544237945879381,0.9395091512128706,0.08611111111111112,ok,1,1.0,1.0,3.0
29,3,bottom,14,1,1,2.4771060395690787,0.9386329018969095,0.09206349206349206,ok,1,1.0,1.0,7.0
29,4,bottom,13,1,1,2.405113352701762,0.9376845377883172,0.09890109890109894,ok,1,1.0,1.0,4.0
29,5,bottom,12,1,1,2.327496540148912,0.9366535118522388,0.10683760683760683,ok,1,1.0,1.0,8.0
29,6,bottom,11,1,1,2.2432959760761677,0.9355270855754331,0.11616161616161617,ok,1,1.0,1.0,2.0
29,7,bottom,10,2,1,2.151281720651836,0.9342897802984251,0.12727272727272732,ok,0,0.0,3.0,5.0
29,8,bottom,8,1,1,1.936797871068096,0.9314028945980815,0.1574074074074074,ok,1,1.0,1.0,3.0
29,9,bottom,7,1,1,1.8091178640134251,0.9297026714680032,0.17857142857142863,ok,1,1.0,1.0,2.0
29,10,bottom,6,2,1,1.6623769591928221,0.9277902462594632,0.20634920634920634,ok,0,0.0,2.0,1.0
29,11,bottom,4,0,0,1.3371547514816942,0.9645532644318773,0.27500642775206674,ok,1,,,
30,1,bottom,15,0,0,2.4647867769722756,0.9101702678809561,0.10441449690178446,ok,1,,,
30,2,bottom,15,1,1,2.544237945879382,0.9395091512128709,0.08611111111111114,ok,1,1.0,1.0,5.0
30,3,bottom,14,1,1,2.477106039569079,0.9386329018969096,0.09206349206349207,ok,1,1.0,1.0,3.0
30,4,bottom,13,2,1,2.405113352701762,0.9376845377883172,0.09890109890109894,ok,0,0.0,2.0,5.0
30,5,bottom,11,1,1,2.2432959760761677,0.9355270855754331,0.11616161616161619,ok,1,1.0,1.0,3.0
30,6,bottom,10,1,1,2.151281720651836,0.9342897802984251,0.12727272727272732,ok,1,1.0,1.0,3.0
30,7,bottom,9,1,1,2.049840720392665,0.9329227160192093,0.14074074074074078,ok,1,1.0,1.0,7.0
30,8,bottom,8,2,1,1.936797871068096,0.9314028945980815,0.15740740740740744,ok,0,0.0,3.0,3.0
30,9,bottom,6,2,1,1.6623769591928221,0.9277902462594632,0.2063492063492063,ok,0,0.0,2.0,1.0
30,10,bottom,4,0,0,1.2898658642768812,0.9304415429021067,0.296284368988348,ok,1,,,
31,1,bottom,16,1,1,2.607126391734903,0.9403220790816703,0.08088235294117652,ok,1,1.0,1.0,2.0
31,2,bottom,15,1,1,2.544237945879382,0.9395091512128709,0.08611111111111111,ok,1,1.0,1.0,9.0
31,3,bottom,14,1,1,2.4771060395690787,0.9386329018969095,0.0920634920634921,ok,1,1.0,1.0,5.0
31,4,bottom,13,1,1,2.405113352701762,0.9376845377883172,0.09890109890109891,ok,1,1.0,1.0,8.0
31,5,bottom,12,2,1,2.3274965401489114,0.9366535118522387,0.10683760683760682,ok,0,0.0,2.5,3.0
31,6,bottom,10,1,1,2.1512817206518355,0.9342897802984249,0.1272727272727273,ok,1,1.0,1.0,2.0
31,7,bottom,9,1,1,2.0498407203926647,0.9329227160192091,0.14074074074074078,ok,1,1.0,1.0,3.0
31,8,bottom,8,2,1,1.936797871068096,0.9314028945980815,0.15740740740740744,ok,0,0.0,2.0,2.0
31,9,bottom,6,2,1,1.6623769591928224,0.9277902462594633,0.20634920634920634,ok,0,0.0,2.0,1.0
31,10,bottom,4,0,0,1.3445158835341215,0.9698631987855602,0.27097351641123457,ok,1,,,
32,1,bottom,14,1,1,2.4771060395690796,0.9386329018969098,0.09206349206349208,ok,1,1.0,1.0,9.0
32,2,bottom,13,1,1,2.405113352701762,0.9376845377883172,0.09890109890109895,ok,1,1.0,1.0,7.0
32,3,bottom,12,1,1,2.3274965401489123,0.936653511852239,0.10683760683760687,ok,1,1.0,1.0,8.0
32,4,bottom,11,1,1,2.243295976076168,0.9355270855754333,0.11616161616161623,ok,1,1.0,1.0,3.0
32,5,bottom,10,1,1,2.151281720651836,0.9342897802984251,0.12727272727272732,ok,1,1.0,1.0,4.0
32,6,bottom,9,1,1,2.0498407203926647,0.9329227160192091,0.14074074074074078,ok,1,1.0,1.0,2.0
32,7,bottom,8,1,1,1.936797871068096,0.9314028945980815,0.15740740740740744,ok,1,1.0,1.0,2.0
32,8,bottom,7,1,1,1.8091178640134251,0.9297026714680032,0.1785714285714286,ok,1,1.0,1.0,4.0
32,9,bottom,6,1,1,1.6623769591928224,0.9277902462594633,0.2063492063492064,ok,1,1.0,1.0,5.0
32,10,bottom,5,0,0,1.5296349037245778,0.9504156028058087,0.23150546190016497,ok,1,,,
32,11,bottom,5,0,0,1.5296349037245778,0.9504156028058087,0.23150546190016497,ok,1,,,
33,1,bottom,13,0,0,2.382907252717987,0.9290270179354683,0.10516370054569102,ok,1,,,
33,2,bottom,13,2,1,2.405113352701762,0.9376845377883172,0.09890109890109894,ok,0,0.0,3.0,6.0
33,3,bottom,11,2,1,2.2432959760761677,0.9355270855754331,0.11616161616161616,ok,0,0.0,2.0,3.0
33,4,bottom,9,1,1,2.0498407203926647,0.9329227160192091,0.1407407407407408,ok,1,1.0,1.0,3.0
33,5,bottom,8,1,1,1.9367978710680962,0.9314028945980816,0.1574074074074075,ok,1,1.0,1.0,8.0
33,6,bottom,7,1,1,1.8091178640134251,0.9297026714680032,0.1785714285714286,ok,1,0.0,2.0,2.0
33,7,bottom,6,1,1,1.6623769591928221,0.9277902462594632,0.20634920634920634,ok,1,1.0,1.0,3.0
33,8,bottom,5,0,0,1.565067242632182,0.972430952782259,0.21601085057701788,ok,1,,,
33,9,bottom,5,0,0,1.565067242632182,0.972430952782259,0.21601085057701788,ok,1,,,
34,1,bottom,14,0,0,2.3689805345592556,0.8976616415167545,0.11959028129974017,ok,1,,,
34,2,bottom,14,2,1,2.477106039569079,0.9386329018969096,0.09206349206349207,ok,0,0.0,2.5,5.0
34,3,bottom,12,1,1,2.3274965401489123,0.936653511852239,0.10683760683760686,ok,1,1.0,1.0,7.0
34,4,bottom,11,1,1,2.2432959760761677,0.9355270855754331,0.11616161616161616,ok,1,1.0,1.0,3.0
34,5,bottom,10,0,0,2.216945720128222,0.9628072929307175,0.1168349307831877,ok,1,,,
34,6,bottom,10,1,1,2.151281720651836,0.9342897802984251,0.12727272727272732,ok,1,1.0,1.0,8.0
34,7,bottom,9,1,1,2.0498407203926647,0.9329227160192091,0.14074074074074078,ok,1,1.0,1.0,2.0
34,8,bottom,8,1,1,1.9367978710680962,0.9314028945980816,0.15740740740740744,ok,1,1.0,1.0,5.0
34,9,bottom,7,1,1,1.8091178640134251,0.9297026714680032,0.1785714285714286,ok,1,1.0,1.0,4.0
34,10,bottom,6,1,1,1.6623769591928221,0.9277902462594632,0.20634920634920637,ok,1,1.0,1.0,2.0
34,11,bottom,5,0,0,1.5637456070838605,0.9716097744453309,0.21779458034961124,ok,1,,,
