feature,impact_Success_Placement,impact_Judge_Appeal_Avg_Score,impact_Fan_Appeal_Avg_Share,feature_clean
age,-0.12092300494487081,-0.5589463233176396,-0.02320353004303573,age
celebrity_homecountry/region_Australia,-0.00015270312394957615,-0.0007626235107528333,2.0088021303382673e-06,celebrity_homecountry/region_Australia
celebrity_homecountry/region_Brazil,0.0003213529408051171,0.0022439616451762788,0.0003240844211936442,celebrity_homecountry/region_Brazil
celebrity_homecountry/region_Canada,-0.00016749136128199583,-0.0001112994231374101,0.00042447863615089097,celebrity_homecountry/region_Canada
celebrity_homecountry/region_Chile,-2.5380449325912663e-05,-0.0,-0.0,celebrity_homecountry/region_Chile
celebrity_homecountry/region_Croatia,-0.0,-0.0,-0.0,celebrity_homecountry/region_Croatia
celebrity_homecountry/region_Cuba,-0.0,-0.0,-0.0,celebrity_homecountry/region_Cuba
celebrity_homecountry/region_Czechoslovakia,-0.00016908361210596053,-0.0,-0.0,celebrity_homecountry/region_Czechoslovakia
celebrity_homecountry/region_England,-0.00029698211741536985,-0.005971864275567318,5.20369037188474e-05,celebrity_homecountry/region_England
celebrity_homecountry/region_France,8.473373652093199e-06,0.0013004374695659935,9.195047942549667e-06,celebrity_homecountry/region_France
celebrity_homecountry/region_Germany,-0.0,-0.0,-0.0,celebrity_homecountry/region_Germany
celebrity_homecountry/region_Ireland,-0.0,-0.0,-0.0,celebrity_homecountry/region_Ireland
celebrity_homecountry/region_Italy,-0.0008583952690711419,-0.002729053504765098,-0.0,celebrity_homecountry/region_Italy
celebrity_homecountry/region_Mexico,-0.00013613640555483456,-0.0007706580570312941,-0.0,celebrity_homecountry/region_Mexico
celebrity_homecountry/region_New Zealand,1.883593312624118e-05,-0.0,6.263376403101128e-06,celebrity_homecountry/region_New Zealand
celebrity_homecountry/region_Philippines,-0.0,-0.0,-0.0,celebrity_homecountry/region_Philippines
celebrity_homecountry/region_Poland,0.00014626034547523316,0.00011291298739263504,5.178258615773166e-07,celebrity_homecountry/region_Poland
celebrity_homecountry/region_Russia,-0.00022758408387704295,-0.0002646320912224401,5.018947416975114e-06,celebrity_homecountry/region_Russia
celebrity_homecountry/region_South Africa,-0.00015014425431583473,-0.0001865605653104599,-1.6528681478002526e-05,celebrity_homecountry/region_South Africa
celebrity_homecountry/region_South Korea,0.00013279986474264098,-0.0,0.00021817278162422843,celebrity_homecountry/region_South Korea
celebrity_homecountry/region_Spain,-0.0,-5.843958159202617e-05,-0.0,celebrity_homecountry/region_Spain
celebrity_homecountry/region_Taiwan China,-0.00014181182973439492,-0.0,-0.0,celebrity_homecountry/region_Taiwan China
celebrity_homecountry/region_United States,0.0011945010822561268,-0.0019270046565439587,-5.773075054144204e-05,celebrity_homecountry/region_United States
celebrity_homecountry/region_Venezuela,-0.0,-0.0,-0.0,celebrity_homecountry/region_Venezuela
celebrity_homecountry/region_Wales,-0.0,-0.0,-0.0,celebrity_homecountry/region_Wales
celebrity_homecountry/region_Yugoslavia,-0.00011644551361720012,-0.002805784009102616,-0.0,celebrity_homecountry/region_Yugoslavia
celebrity_homestate_Alaska,-0.00015019346423251418,-0.0015477869967152095,-1.3308624384841128e-05,celebrity_homestate_Alaska
celebrity_homestate_Arizona,8.539546780919693e-05,-0.0,5.2123599875426814e-05,celebrity_homestate_Arizona
celebrity_homestate_Arkansas,8.46814184940067e-05,-0.0,3.726746974279303e-05,celebrity_homestate_Arkansas
celebrity_homestate_California,-0.009835890242192622,-0.02896918503793016,0.00031823947400896565,celebrity_homestate_California
celebrity_homestate_Colorado,-0.0001767813019201478,-0.000420062474148182,-7.352484026699507e-06,celebrity_homestate_Colorado
celebrity_homestate_Connecticut,6.8259830674722e-05,0.0003816717328518065,0.0008654338096519355,celebrity_homestate_Connecticut
celebrity_homestate_Delaware,-0.0,-0.0,-0.0,celebrity_homestate_Delaware
celebrity_homestate_Florida,0.0006854208749862558,0.001715115465573756,0.0003071971904878922,celebrity_homestate_Florida
celebrity_homestate_Georgia,0.002047194710535841,0.00589320704920354,0.0007874352044346818,celebrity_homestate_Georgia
celebrity_homestate_Hawaii,0.0002877954344677855,0.0007434019732769519,0.0021251468875982888,celebrity_homestate_Hawaii
celebrity_homestate_Illinois,0.00045873745374137956,-0.0033580298103833054,-0.00012356968519183092,celebrity_homestate_Illinois
celebrity_homestate_Indiana,-0.000441138719626158,0.0010865622742353505,-6.34198289462458e-06,celebrity_homestate_Indiana
celebrity_homestate_Iowa,7.647704406844748e-05,-0.0006498131303110826,-0.0,celebrity_homestate_Iowa
celebrity_homestate_Kansas,0.0005896567919722984,0.0025569090556121837,4.277065276377809e-05,celebrity_homestate_Kansas
celebrity_homestate_Kentucky,-0.00014639640143151354,-0.0007264563347039832,0.00018189021598334407,celebrity_homestate_Kentucky
celebrity_homestate_Louisiana,0.00048570628357710264,-0.00907874564446385,0.0004963424367281446,celebrity_homestate_Louisiana
celebrity_homestate_Maine,0.0006084303664191679,9.63561446838987e-05,0.0005492861418664143,celebrity_homestate_Maine
celebrity_homestate_Maryland,-7.316137455667318e-05,-0.001482067914929252,-0.0,celebrity_homestate_Maryland
celebrity_homestate_Massachusetts,-7.540207788157363e-05,-8.982430173237575e-05,0.000265120890204882,celebrity_homestate_Massachusetts
celebrity_homestate_Michigan,-7.776105112518239e-05,-0.00018135664335397372,3.1371963333974367e-06,celebrity_homestate_Michigan
celebrity_homestate_Minnesota,2.370567437096618e-05,0.0006370569490222699,5.465136428470637e-06,celebrity_homestate_Minnesota
celebrity_homestate_Mississippi,0.000550319969549419,-0.0006566159962489899,0.0003168239474016077,celebrity_homestate_Mississippi
celebrity_homestate_Missouri,-0.0004054919849052434,-0.0004094700875883278,-0.0,celebrity_homestate_Missouri
celebrity_homestate_Nebraska,1.2670418008448485e-05,-0.0,-0.0,celebrity_homestate_Nebraska
celebrity_homestate_Nevada,2.407392497135412e-05,8.981708379984896e-05,5.358311591625449e-06,celebrity_homestate_Nevada
celebrity_homestate_New Hamshire,-0.0,-0.0,-0.0,celebrity_homestate_New Hamshire
celebrity_homestate_New Jersey,-0.00047793743627804126,-0.013612219596103276,0.0012433350524792522,celebrity_homestate_New Jersey
celebrity_homestate_New Mexico,-0.00018908727612657733,-0.0,-2.308567480518828e-05,celebrity_homestate_New Mexico
celebrity_homestate_New York,-0.0019558760012283968,-0.030358606023146623,0.000406601869835469,celebrity_homestate_New York
celebrity_homestate_North Carolina,-0.0001901265832303374,-0.0010591894803654016,-3.440478210551335e-05,celebrity_homestate_North Carolina
celebrity_homestate_Ohio,-0.0005579139764687216,-0.0031023241003372334,-3.301585891214382e-05,celebrity_homestate_Ohio
celebrity_homestate_Oregon,0.00017664830037483206,-0.001227877734760429,0.00023449566150616507,celebrity_homestate_Oregon
celebrity_homestate_Pennsylvania,0.0018320371195202627,0.0031771263694375653,0.0007727660314109315,celebrity_homestate_Pennsylvania
celebrity_homestate_Rhode Island,-5.931070898360893e-05,-1.1959425649063796e-05,-0.0,celebrity_homestate_Rhode Island
celebrity_homestate_South Carolina,-0.0,-0.0,0.00022666757548455593,celebrity_homestate_South Carolina
celebrity_homestate_South Dakota,-0.0,-0.0,-0.0,celebrity_homestate_South Dakota
celebrity_homestate_Tennessee,-0.0008598500647934121,0.0007455678463182476,4.6583472555017e-05,celebrity_homestate_Tennessee
celebrity_homestate_Texas,0.0005979878629384771,-0.0042548378105733975,-5.57441976315928e-05,celebrity_homestate_Texas
celebrity_homestate_Utah,0.0030522298476267267,0.0017852762126170714,6.2428960489911e-05,celebrity_homestate_Utah
celebrity_homestate_Virginia,0.0013556668515242642,0.0010390276862427704,0.00031702821023424783,celebrity_homestate_Virginia
celebrity_homestate_Washington,-0.00013552785157353587,-0.004644192540582668,6.369214572793589e-05,celebrity_homestate_Washington
celebrity_homestate_Washington D.C.,8.054066539968534e-05,0.0007523097859792138,-0.0,celebrity_homestate_Washington D.C.
celebrity_homestate_West Virginia,-6.851001174934535e-05,4.735472550147195e-06,-0.0,celebrity_homestate_West Virginia
celebrity_homestate_Wisconsin,-0.00010423418696092415,-8.938370813160459e-05,-0.0,celebrity_homestate_Wisconsin
industry_clean_Athlete,-0.0015907265679817803,-0.010958487696561435,0.00016734320451821852,Industry: Athlete
industry_clean_Comedian,-0.0010742229918349895,-0.010501060667487787,2.355457762512787e-05,Industry: Comedian
industry_clean_Model,-0.011558720598778906,-0.027642601199101724,-0.0004074475855037475,Industry: Model
industry_clean_Other,0.001139806084066763,-0.010028050181709672,9.7547274223766e-05,Industry: Other
industry_clean_Singer/Rapper,-0.001326004469721049,0.0047693575089013205,0.00020657203475188526,Industry: Singer/Rapper
industry_clean_TV Personality,-0.001221624657837282,-0.027583833677990093,-0.0005562996435429817,Industry: TV Personality
partner_clean_Cheryl Burke,0.0012389450238951658,0.0016394758918243449,7.594738046944261e-05,Partner: Cheryl Burke
partner_clean_Derek Hough,0.009643934738450228,0.02679685320137258,0.007332316759421397,Partner: Derek Hough
partner_clean_Emma Slater,0.00012736632091903355,-0.003840739996415834,-2.0390495269199926e-05,Partner: Emma Slater
partner_clean_Gleb Savchenko,-0.0009886908891421128,-0.0016026319250878427,-1.3373216554558037e-05,Partner: Gleb Savchenko
partner_clean_Karina Smirnoff,0.00011811593654825926,-0.004188366459723242,0.00010776911320339667,Partner: Karina Smirnoff
partner_clean_Kym Johnson,0.0004496766258189825,-0.0002094925340080924,8.3453741082791e-05,Partner: Kym Johnson
partner_clean_Maksim Chmerkoskiy,0.0021530408533708746,0.0021288403004885237,0.0005039622905305723,Partner: Maksim Chmerkoskiy
partner_clean_Mark Ballas,-0.0006174287391560194,-0.0009492892306050707,8.847514690379998e-05,Partner: Mark Ballas
partner_clean_Other_Partner,-0.02475170362631593,-0.20007842353858815,-0.00016174844636157378,Partner: Other_Partner
partner_clean_Peta Murgatroyd,-0.0014092853852026915,-0.01418369974593842,3.923615102672505e-05,Partner: Peta Murgatroyd
partner_clean_Sasha Farber,0.0020209523206182792,0.0048213076492796695,-4.880226273808397e-07,Partner: Sasha Farber
partner_clean_Sharna Burgess,0.00045546784562791907,-0.0007218345194328128,0.00030087841128472397,Partner: Sharna Burgess
partner_clean_Tony Dovolani,-0.00031517059943835803,-0.012640280924569324,-3.6375023026909416e-05,Partner: Tony Dovolani
partner_clean_Valentin Chmerkovskiy,0.0002408960417850883,0.0033393965267175143,0.0006451755617927525,Partner: Valentin Chmerkovskiy
partner_clean_Witney Carson,0.001325512741484201,0.002076857783250457,0.00011713081294640355,Partner: Witney Carson
